name,album,artists,artist_ids,year,release_date,disc_number,track_number,danceability,energy,acousticness,valence,tempo,duration_ms,instrumentalness,liveness,loudness,speechiness
Needle In The Hay,Elliott Smith,['Elliott Smith'],['2ApaG60P4r0yhBoDCGD8YG'],1995,1995-07-01,1,1,0.552,0.213,0.5770000000000001,0.332,116.165,259893,0.0105,0.1159999999999999,-16.777,0.0387
Christian Brothers,Elliott Smith,['Elliott Smith'],['2ApaG60P4r0yhBoDCGD8YG'],1995,1995-07-01,1,2,0.613,0.37,0.392,0.416,104.197,270720,6.579999999999999e-05,0.1939999999999999,-10.932,0.0274
Clementine,Elliott Smith,['Elliott Smith'],['2ApaG60P4r0yhBoDCGD8YG'],1995,1995-07-01,1,3,0.583,0.172,0.207,0.309,141.982,166320,0.5670000000000001,0.134,-18.04,0.0453
Southern Belle,Elliott Smith,['Elliott Smith'],['2ApaG60P4r0yhBoDCGD8YG'],1995,1995-07-01,1,4,0.516,0.267,0.222,0.475,121.06,186347,0.00013,0.0749,-14.550999999999998,0.0347
Single File,Elliott Smith,['Elliott Smith'],['2ApaG60P4r0yhBoDCGD8YG'],1995,1995-07-01,1,5,0.615,0.299,0.11,0.466,111.704,146453,6.76e-06,0.135,-14.674,0.0393
Coming Up Roses,Elliott Smith,['Elliott Smith'],['2ApaG60P4r0yhBoDCGD8YG'],1995,1995-07-01,1,6,0.532,0.296,0.186,0.242,94.109,190573,0.0,0.235,-13.525,0.0292
Satellite,Elliott Smith,['Elliott Smith'],['2ApaG60P4r0yhBoDCGD8YG'],1995,1995-07-01,1,7,0.421,0.207,0.141,0.43,136.859,145787,0.00964,0.293,-17.967,0.031
Alphabet Town,Elliott Smith,['Elliott Smith'],['2ApaG60P4r0yhBoDCGD8YG'],1995,1995-07-01,1,8,0.436,0.204,0.0871,0.228,155.125,251787,0.00335,0.18,-16.465999999999998,0.0295
St. Ides Heaven,Elliott Smith,['Elliott Smith'],['2ApaG60P4r0yhBoDCGD8YG'],1995,1995-07-01,1,9,0.62,0.322,0.233,0.604,114.998,180120,0.00541,0.122,-14.524,0.036
Good To Go,Elliott Smith,['Elliott Smith'],['2ApaG60P4r0yhBoDCGD8YG'],1995,1995-07-01,1,10,0.539,0.208,0.335,0.351,107.236,144587,0.018,0.119,-17.987000000000005,0.0297
The White Lady Loves You More,Elliott Smith,['Elliott Smith'],['2ApaG60P4r0yhBoDCGD8YG'],1995,1995-07-01,1,11,0.352,0.19,0.0833,0.331,157.10399999999996,144800,0.000687,0.1369999999999999,-18.358,0.039
The Biggest Lie,Elliott Smith,['Elliott Smith'],['2ApaG60P4r0yhBoDCGD8YG'],1995,1995-07-01,1,12,0.5429999999999999,0.158,0.515,0.293,150.375,159747,6.64e-05,0.123,-16.026,0.0357
Speed Trials,Speed Trials,['Elliott Smith'],['2ApaG60P4r0yhBoDCGD8YG'],1996,1996-10-01,1,1,0.637,0.284,0.81,0.206,102.731,195760,0.406,0.0998,-16.965,0.0332
Angeles,Speed Trials,['Elliott Smith'],['2ApaG60P4r0yhBoDCGD8YG'],1996,1996-10-01,1,2,0.54,0.102,0.87,0.606,118.293,171173,0.253,0.104,-23.275,0.0439
I Don't Think I'm Ever Gonna Figure It Out,Speed Trials,['Elliott Smith'],['2ApaG60P4r0yhBoDCGD8YG'],1996,1996-10-01,1,3,0.634,0.305,0.883,0.183,116.367,131080,0.0529,0.0995,-18.926,0.0477
Needle In The Hay,Needle In The Hay,['Elliott Smith'],['2ApaG60P4r0yhBoDCGD8YG'],1995,1995-01-01,1,1,0.557,0.2739999999999999,0.3929999999999999,0.301,116.222,258501,0.00594,0.118,-14.773,0.0356
Alphabet Town,Needle In The Hay,['Elliott Smith'],['2ApaG60P4r0yhBoDCGD8YG'],1995,1995-01-01,1,2,0.493,0.287,0.0902,0.26,77.744,259411,0.000658,0.0927,-12.733,0.0279999999999999
Some Song,Needle In The Hay,['Elliott Smith'],['2ApaG60P4r0yhBoDCGD8YG'],1995,1995-01-01,1,3,0.713,0.246,0.359,0.401,110.844,140899,0.0,0.173,-11.007,0.0483
"Everybody Cares, Everybody Understands",Drinking From Puddles: A Radio History,['Elliott Smith'],['2ApaG60P4r0yhBoDCGD8YG'],1999,1999-03-23,1,13,0.662,0.284,0.843,0.212,123.608,188653,0.0,0.1169999999999999,-12.593,0.0383
Angel In The Snow,New Moon,['Elliott Smith'],['2ApaG60P4r0yhBoDCGD8YG'],2007,2007-05-08,1,1,0.313,0.226,0.736,0.183,72.018,157360,0.000416,0.0918,-14.300999999999998,0.0551
Talking To Mary,New Moon,['Elliott Smith'],['2ApaG60P4r0yhBoDCGD8YG'],2007,2007-05-08,1,2,0.411,0.209,0.7879999999999999,0.332,168.31400000000005,222200,0.0103,0.1639999999999999,-14.815,0.0392
High Times,New Moon,['Elliott Smith'],['2ApaG60P4r0yhBoDCGD8YG'],2007,2007-05-08,1,3,0.616,0.235,0.35,0.249,122.443,191773,4.18e-06,0.0989,-13.144,0.0353
New Monkey,New Moon,['Elliott Smith'],['2ApaG60P4r0yhBoDCGD8YG'],2007,2007-05-08,1,4,0.637,0.411,0.37,0.4589999999999999,113.64,192533,0.0,0.218,-10.224,0.0339
Looking Over My Shoulder,New Moon,['Elliott Smith'],['2ApaG60P4r0yhBoDCGD8YG'],2007,2007-05-08,1,5,0.595,0.241,0.887,0.38,113.435,219667,0.0,0.183,-11.647,0.0371
Going Nowhere,New Moon,['Elliott Smith'],['2ApaG60P4r0yhBoDCGD8YG'],2007,2007-05-08,1,6,0.544,0.187,0.742,0.289,108.842,231560,0.0894,0.107,-16.98,0.0303
Riot Coming,New Moon,['Elliott Smith'],['2ApaG60P4r0yhBoDCGD8YG'],2007,2007-05-08,1,7,0.579,0.22,0.526,0.209,115.662,223840,5.78e-06,0.119,-12.572,0.0289999999999999
All Cleaned Out,New Moon,['Elliott Smith'],['2ApaG60P4r0yhBoDCGD8YG'],2007,2007-05-08,1,8,0.528,0.309,0.789,0.603,156.745,177493,4.16e-06,0.122,-11.984000000000002,0.0325
First Timer,New Moon,['Elliott Smith'],['2ApaG60P4r0yhBoDCGD8YG'],2007,2007-05-08,1,9,0.618,0.207,0.764,0.45,90.851,162040,0.0034799999999999,0.138,-16.713,0.0308
Go By,New Moon,['Elliott Smith'],['2ApaG60P4r0yhBoDCGD8YG'],2007,2007-05-08,1,10,0.423,0.2769999999999999,0.861,0.24,143.961,226560,0.216,0.103,-13.257,0.0314
Miss Misery (Early Version),New Moon,['Elliott Smith'],['2ApaG60P4r0yhBoDCGD8YG'],2007,2007-05-08,1,11,0.446,0.186,0.899,0.355,134.766,176267,0.433,0.102,-16.225,0.0389
Thirteen,New Moon,['Elliott Smith'],['2ApaG60P4r0yhBoDCGD8YG'],2007,2007-05-08,1,12,0.534,0.171,0.908,0.4679999999999999,115.318,163267,0.179,0.126,-15.707,0.0329
"Georgia, Georgia",New Moon,['Elliott Smith'],['2ApaG60P4r0yhBoDCGD8YG'],2007,2007-05-08,2,1,0.6659999999999999,0.209,0.809,0.612,119.656,106000,0.000196,0.157,-15.691,0.0441
Whatever (Folk Song In C),New Moon,['Elliott Smith'],['2ApaG60P4r0yhBoDCGD8YG'],2007,2007-05-08,2,2,0.585,0.19,0.616,0.3720000000000001,90.464,137800,0.0009,0.176,-14.184,0.034
Big Decision,New Moon,['Elliott Smith'],['2ApaG60P4r0yhBoDCGD8YG'],2007,2007-05-08,2,3,0.467,0.3720000000000001,0.608,0.647,130.52100000000002,120333,0.0,0.147,-11.75,0.0715
Placeholder,New Moon,['Elliott Smith'],['2ApaG60P4r0yhBoDCGD8YG'],2007,2007-05-08,2,4,0.474,0.206,0.8909999999999999,0.336,150.972,150160,0.0348,0.155,-16.24,0.0436
New Disaster,New Moon,['Elliott Smith'],['2ApaG60P4r0yhBoDCGD8YG'],2007,2007-05-08,2,5,0.3670000000000001,0.294,0.856,0.3229999999999999,162.835,250467,0.0988,0.0929,-15.74,0.0358
Seen How Things Are Hard,New Moon,['Elliott Smith'],['2ApaG60P4r0yhBoDCGD8YG'],2007,2007-05-08,2,6,0.473,0.361,0.0511,0.239,101.665,201267,0.0404,0.2,-13.758,0.0327
Fear City,New Moon,['Elliott Smith'],['2ApaG60P4r0yhBoDCGD8YG'],2007,2007-05-08,2,7,0.5589999999999999,0.5529999999999999,0.0285,0.408,96.263,209933,0.0003509999999999,0.119,-10.316,0.027
Either/Or,New Moon,['Elliott Smith'],['2ApaG60P4r0yhBoDCGD8YG'],2007,2007-05-08,2,8,0.504,0.416,0.3,0.511,116.097,147267,0.00527,0.0848,-11.859000000000002,0.0364
Pretty Mary K (Other Version),New Moon,['Elliott Smith'],['2ApaG60P4r0yhBoDCGD8YG'],2007,2007-05-08,2,9,0.578,0.324,0.769,0.331,108.52,204573,0.0847,0.0998,-15.158,0.0455
Almost Over,New Moon,['Elliott Smith'],['2ApaG60P4r0yhBoDCGD8YG'],2007,2007-05-08,2,10,0.4029999999999999,0.469,0.77,0.316,119.773,131760,0.23,0.222,-11.443,0.037
See You Later,New Moon,['Elliott Smith'],['2ApaG60P4r0yhBoDCGD8YG'],2007,2007-05-08,2,11,0.483,0.181,0.857,0.3779999999999999,84.18799999999997,174400,0.26,0.107,-15.864,0.0325
Half Right,New Moon,['Elliott Smith'],['2ApaG60P4r0yhBoDCGD8YG'],2007,2007-05-08,2,12,0.6409999999999999,0.143,0.878,0.376,98.363,230573,0.917,0.114,-17.840999999999994,0.0316
Carin At the Liquor Store - Recorded at Spotify Studios NYC,Spotify Singles,['The National'],['2cCUtGK9sDU2EoElnk0GNB'],2017,2017-11-15,1,1,0.406,0.2289999999999999,0.946,0.187,100.942,195775,0.0358,0.124,-13.637,0.0469
Maybe Not - Recorded at Spotify Studios NYC,Spotify Singles,['The National'],['2cCUtGK9sDU2EoElnk0GNB'],2017,2017-11-15,1,2,0.484,0.214,0.584,0.161,117.771,247228,0.0073,0.1159999999999999,-16.226,0.0406
Roman Candle,Roman Candle,['Elliott Smith'],['2ApaG60P4r0yhBoDCGD8YG'],1994,1994-07-14,1,1,0.4370000000000001,0.352,0.241,0.15,118.136,216960,0.00179,0.133,-13.979,0.0358
Condor Ave,Roman Candle,['Elliott Smith'],['2ApaG60P4r0yhBoDCGD8YG'],1994,1994-07-14,1,2,0.3670000000000001,0.307,0.193,0.467,92.711,214853,0.0,0.118,-11.21,0.0624
No Name #1,Roman Candle,['Elliott Smith'],['2ApaG60P4r0yhBoDCGD8YG'],1994,1994-07-14,1,3,0.499,0.386,0.2769999999999999,0.36,72.285,183053,0.0126,0.0619,-9.809,0.0285
No Name #2,Roman Candle,['Elliott Smith'],['2ApaG60P4r0yhBoDCGD8YG'],1994,1994-07-14,1,4,0.516,0.3429999999999999,0.151,0.34,76.009,214800,0.0206,0.0639,-9.983,0.0325
No Name #3,Roman Candle,['Elliott Smith'],['2ApaG60P4r0yhBoDCGD8YG'],1994,1994-07-14,1,5,0.586,0.309,0.316,0.293,79.54,193240,0.00275,0.159,-12.684,0.0278
Drive All Over Town,Roman Candle,['Elliott Smith'],['2ApaG60P4r0yhBoDCGD8YG'],1994,1994-07-14,1,6,0.417,0.324,0.1669999999999999,0.381,161.123,156667,0.00255,0.13,-10.99,0.0331
No Name #4,Roman Candle,['Elliott Smith'],['2ApaG60P4r0yhBoDCGD8YG'],1994,1994-07-14,1,7,0.529,0.3339999999999999,0.092,0.1969999999999999,126.016,149987,0.0,0.121,-12.909,0.0358
Last Call,Roman Candle,['Elliott Smith'],['2ApaG60P4r0yhBoDCGD8YG'],1994,1994-07-14,1,8,0.435,0.442,0.242,0.209,145.859,278013,0.0,0.1009999999999999,-7.037000000000001,0.0364
Kiwi Maddog 20/20 (version 2 of 2),Roman Candle,['Elliott Smith'],['2ApaG60P4r0yhBoDCGD8YG'],1994,1994-07-14,1,9,0.428,0.489,0.42,0.172,152.934,220840,0.846,0.114,-9.257,0.0312
When It Started,Spider Man - Music From And Inspired By,['The Strokes'],['0epOFNiUfyON9EYx7Tpr6V'],2002,2002-07-12,1,10,0.708,0.64,0.257,0.921,132.016,174533,0.00576,0.134,-8.381,0.0339
Terrible Love,High Violet (Expanded Edition),['The National'],['2cCUtGK9sDU2EoElnk0GNB'],2010,2010-11-22,1,1,0.304,0.795,0.55,0.35,79.884,279760,0.7240000000000001,0.118,-6.023,0.0554
Sorrow,High Violet (Expanded Edition),['The National'],['2cCUtGK9sDU2EoElnk0GNB'],2010,2010-11-22,1,2,0.55,0.74,0.172,0.522,122.277,205213,0.6629999999999999,0.0584,-8.83,0.0274
Anyone's Ghost,High Violet (Expanded Edition),['The National'],['2cCUtGK9sDU2EoElnk0GNB'],2010,2010-11-22,1,3,0.745,0.789,0.281,0.7440000000000001,120.061,174173,0.769,0.108,-7.1320000000000014,0.0917
Little Faith,High Violet (Expanded Edition),['The National'],['2cCUtGK9sDU2EoElnk0GNB'],2010,2010-11-22,1,4,0.419,0.725,0.418,0.3379999999999999,149.991,276640,0.128,0.0776,-7.729,0.0359
Afraid of Everyone,High Violet (Expanded Edition),['The National'],['2cCUtGK9sDU2EoElnk0GNB'],2010,2010-11-22,1,5,0.527,0.779,0.504,0.239,126.026,259093,0.8029999999999999,0.0996,-7.638,0.0508
Bloodbuzz Ohio,High Violet (Expanded Edition),['The National'],['2cCUtGK9sDU2EoElnk0GNB'],2010,2010-11-22,1,6,0.402,0.835,0.0558,0.69,157.066,275933,0.18,0.103,-6.367000000000001,0.043
Lemonworld,High Violet (Expanded Edition),['The National'],['2cCUtGK9sDU2EoElnk0GNB'],2010,2010-11-22,1,7,0.648,0.745,0.63,0.589,126.008,203733,0.7120000000000001,0.0901,-8.546,0.0358
Runaway,High Violet (Expanded Edition),['The National'],['2cCUtGK9sDU2EoElnk0GNB'],2010,2010-11-22,1,8,0.583,0.441,0.868,0.3429999999999999,135.019,333787,0.557,0.1169999999999999,-10.318,0.0325
Conversation 16,High Violet (Expanded Edition),['The National'],['2cCUtGK9sDU2EoElnk0GNB'],2010,2010-11-22,1,9,0.5539999999999999,0.851,0.608,0.516,116.978,258933,0.912,0.24,-7.61,0.0368
England,High Violet (Expanded Edition),['The National'],['2cCUtGK9sDU2EoElnk0GNB'],2010,2010-11-22,1,10,0.49,0.6459999999999999,0.7020000000000001,0.266,122.96,340187,0.821,0.106,-8.956,0.04
Vanderlyle Crybaby Geeks,High Violet (Expanded Edition),['The National'],['2cCUtGK9sDU2EoElnk0GNB'],2010,2010-11-22,1,11,0.4639999999999999,0.513,0.7020000000000001,0.308,117.935,252200,0.0001149999999999,0.174,-7.683,0.0284
Terrible Love - Alternate Version,High Violet (Expanded Edition),['The National'],['2cCUtGK9sDU2EoElnk0GNB'],2010,2010-11-22,2,1,0.397,0.722,0.00562,0.4029999999999999,81.296,258520,0.0284,0.118,-7.599,0.037
Wake Up Your Saints,High Violet (Expanded Edition),['The National'],['2cCUtGK9sDU2EoElnk0GNB'],2010,2010-11-22,2,2,0.526,0.6890000000000001,0.168,0.409,168.109,254040,0.0371,0.0699,-7.275,0.0304
You Were a Kindness,High Violet (Expanded Edition),['The National'],['2cCUtGK9sDU2EoElnk0GNB'],2010,2010-11-22,2,3,0.374,0.563,0.669,0.292,80.911,265560,0.75,0.156,-8.374,0.0291
Walk Off,High Violet (Expanded Edition),['The National'],['2cCUtGK9sDU2EoElnk0GNB'],2010,2010-11-22,2,4,0.545,0.304,0.929,0.158,71.942,160533,0.00421,0.095,-9.066,0.0317
Sin-Eaters,High Violet (Expanded Edition),['The National'],['2cCUtGK9sDU2EoElnk0GNB'],2010,2010-11-22,2,5,0.534,0.447,0.629,0.315,161.91,219387,0.522,0.1169999999999999,-9.104,0.0304
Bloodbuzz Ohio - Live on The Current,High Violet (Expanded Edition),['The National'],['2cCUtGK9sDU2EoElnk0GNB'],2010,2010-11-22,2,6,0.294,0.33,0.918,0.1669999999999999,180.884,233160,0.522,0.1119999999999999,-10.751,0.0282
Anyone's Ghost - Live at Brooklyn Academy of Music,High Violet (Expanded Edition),['The National'],['2cCUtGK9sDU2EoElnk0GNB'],2010,2010-11-22,2,7,0.546,0.945,0.0019199999999999,0.74,126.263,178013,0.377,0.982,-6.013999999999999,0.0486
England - Live at Brooklyn Academy of Music,High Violet (Expanded Edition),['The National'],['2cCUtGK9sDU2EoElnk0GNB'],2010,2010-11-22,2,8,0.405,0.789,0.0339,0.417,125.344,326733,0.855,0.5,-7.03,0.0344
Hard To Explain,Hard To Explain/New York City Cops,['The Strokes'],['0epOFNiUfyON9EYx7Tpr6V'],2002,2002-04-30,1,1,0.406,0.6659999999999999,0.000426,0.645,82.48899999999998,225840,0.76,0.057,-6.2970000000000015,0.057
New York City Cops,Hard To Explain/New York City Cops,['The Strokes'],['0epOFNiUfyON9EYx7Tpr6V'],2002,2002-04-30,1,2,0.523,0.855,0.0749,0.486,107.967,211360,3.34e-05,0.327,-7.6789999999999985,0.0371
Take It Or Leave It - Live in LA; Village Sessions,Hard To Explain/New York City Cops,['The Strokes'],['0epOFNiUfyON9EYx7Tpr6V'],2002,2002-04-30,1,3,0.205,0.928,0.135,0.527,160.24200000000005,195520,0.039,0.375,-6.1720000000000015,0.171
Trying Your Luck - Live in LA; Village Sessions,Hard To Explain/New York City Cops,['The Strokes'],['0epOFNiUfyON9EYx7Tpr6V'],2002,2002-04-30,1,4,0.286,0.923,0.0104,0.55,140.126,205760,0.0273,0.2239999999999999,-5.268,0.0757
Pretty (Ugly Before) [Live at Largo],Pretty (Ugly Before) [Live at Largo],['Elliott Smith'],['2ApaG60P4r0yhBoDCGD8YG'],2017,2017-05-05,1,1,0.4039999999999999,0.301,0.5670000000000001,0.14,78.529,264735,0.00231,0.7020000000000001,-14.312,0.0294
Tom Waits and the Attack of the Crab Monsters (feat. Elliott Smith),Western Electric,"['Pete Krebs', 'Elliott Smith']","['7qwyDX3fD7i7Der8oU30Ts', '2ApaG60P4r0yhBoDCGD8YG']",1997,1997-04-15,1,11,0.4679999999999999,0.599,0.000483,0.631,116.86,89440,0.873,0.888,-10.962,0.0948
You Had Your Soul With You,I Am Easy to Find,['The National'],['2cCUtGK9sDU2EoElnk0GNB'],2019,2019-05-17,1,1,0.521,0.777,0.0194,0.278,154.015,206280,0.0953,0.0865,-5.823,0.0878
Quiet Light,I Am Easy to Find,['The National'],['2cCUtGK9sDU2EoElnk0GNB'],2019,2019-05-17,1,2,0.625,0.883,0.201,0.355,105.994,255280,0.885,0.118,-6.99,0.0485
Roman Holiday,I Am Easy to Find,['The National'],['2cCUtGK9sDU2EoElnk0GNB'],2019,2019-05-17,1,3,0.5329999999999999,0.4629999999999999,0.6409999999999999,0.3829999999999999,155.067,214787,0.376,0.213,-10.956,0.0698
Oblivions,I Am Easy to Find,['The National'],['2cCUtGK9sDU2EoElnk0GNB'],2019,2019-05-17,1,4,0.479,0.5489999999999999,0.89,0.1639999999999999,130.07399999999998,253987,0.0254,0.111,-8.852,0.0458
The Pull Of You,I Am Easy to Find,['The National'],['2cCUtGK9sDU2EoElnk0GNB'],2019,2019-05-17,1,5,0.376,0.8190000000000001,0.402,0.288,138.476,238640,0.0575,0.114,-6.473,0.161
Hey Rosey,I Am Easy to Find,['The National'],['2cCUtGK9sDU2EoElnk0GNB'],2019,2019-05-17,1,6,0.63,0.608,0.647,0.237,131.062,254107,0.17,0.165,-7.975,0.0347
I Am Easy To Find,I Am Easy to Find,['The National'],['2cCUtGK9sDU2EoElnk0GNB'],2019,2019-05-17,1,7,0.484,0.3720000000000001,0.931,0.193,133.857,270587,0.4479999999999999,0.244,-11.411,0.0317
Her Father In The Pool,I Am Easy to Find,['The National'],['2cCUtGK9sDU2EoElnk0GNB'],2019,2019-05-17,1,8,0.317,0.123,0.995,0.0383,71.869,62520,0.956,0.1,-22.737,0.062
Where Is Her Head,I Am Easy to Find,['The National'],['2cCUtGK9sDU2EoElnk0GNB'],2019,2019-05-17,1,9,0.525,0.855,0.138,0.218,95.965,281613,0.6920000000000001,0.061,-5.336,0.0546
Not In Kansas,I Am Easy to Find,['The National'],['2cCUtGK9sDU2EoElnk0GNB'],2019,2019-05-17,1,10,0.488,0.348,0.882,0.108,78.075,404720,2.32e-06,0.0877,-10.467,0.0399
So Far So Fast,I Am Easy to Find,['The National'],['2cCUtGK9sDU2EoElnk0GNB'],2019,2019-05-17,1,11,0.498,0.6729999999999999,0.72,0.27,112.017,396893,0.465,0.0645,-11.206,0.0333
Dust Swirls In Strange Light,I Am Easy to Find,['The National'],['2cCUtGK9sDU2EoElnk0GNB'],2019,2019-05-17,1,12,0.603,0.563,0.657,0.186,112.059,198800,0.1159999999999999,0.128,-9.959,0.0344
Hairpin Turns,I Am Easy to Find,['The National'],['2cCUtGK9sDU2EoElnk0GNB'],2019,2019-05-17,1,13,0.65,0.449,0.522,0.416,136.091,267520,0.0702,0.0906,-9.2,0.0471
Rylan,I Am Easy to Find,['The National'],['2cCUtGK9sDU2EoElnk0GNB'],2019,2019-05-17,1,14,0.609,0.789,0.4029999999999999,0.7240000000000001,144.05,223853,0.0774,0.0446,-5.565,0.0466
Underwater,I Am Easy to Find,['The National'],['2cCUtGK9sDU2EoElnk0GNB'],2019,2019-05-17,1,15,0.195,0.25,0.994,0.0376,78.09899999999998,81480,0.967,0.134,-14.277,0.0341
Light Years,I Am Easy to Find,['The National'],['2cCUtGK9sDU2EoElnk0GNB'],2019,2019-05-17,1,16,0.5429999999999999,0.316,0.95,0.178,124.946,213373,0.672,0.0978,-11.666,0.0307
Is This It,Is This It,['The Strokes'],['0epOFNiUfyON9EYx7Tpr6V'],2001,2001-07-30,1,1,0.667,0.6920000000000001,0.147,0.846,96.021,151333,3.75e-05,0.349,-8.361,0.0285
The Modern Age,Is This It,['The Strokes'],['0epOFNiUfyON9EYx7Tpr6V'],2001,2001-07-30,1,2,0.528,0.888,0.0116,0.897,145.971,208067,0.762,0.154,-6.039,0.0326
Soma,Is This It,['The Strokes'],['0epOFNiUfyON9EYx7Tpr6V'],2001,2001-07-30,1,3,0.499,0.706,0.0747,0.483,148.931,153840,0.0028899999999999,0.0753,-7.335,0.0302
Barely Legal,Is This It,['The Strokes'],['0epOFNiUfyON9EYx7Tpr6V'],2001,2001-07-30,1,4,0.426,0.884,0.00326,0.852,157.811,234693,0.0495,0.0903,-6.279,0.0365
Someday,Is This It,['The Strokes'],['0epOFNiUfyON9EYx7Tpr6V'],2001,2001-07-30,1,5,0.5379999999999999,0.52,0.00425,0.6779999999999999,106.031,183440,0.0,0.3670000000000001,-7.46,0.0299
"Alone, Together",Is This It,['The Strokes'],['0epOFNiUfyON9EYx7Tpr6V'],2001,2001-07-30,1,6,0.515,0.863,0.00778,0.961,143.017,188640,0.8959999999999999,0.0616,-5.756,0.0308
Last Nite,Is This It,['The Strokes'],['0epOFNiUfyON9EYx7Tpr6V'],2001,2001-07-30,1,7,0.624,0.899,0.0223,0.797,104.055,193373,0.000155,0.0975,-5.71,0.0295
Hard To Explain,Is This It,['The Strokes'],['0epOFNiUfyON9EYx7Tpr6V'],2001,2001-07-30,1,8,0.408,0.665,0.0004559999999999,0.667,82.525,224333,0.863,0.0888,-6.2860000000000005,0.0578
When It Started,Is This It,['The Strokes'],['0epOFNiUfyON9EYx7Tpr6V'],2001,2001-07-30,1,9,0.722,0.654,0.265,0.904,131.96200000000002,175200,0.00392,0.15,-8.107000000000001,0.0328
Trying Your Luck,Is This It,['The Strokes'],['0epOFNiUfyON9EYx7Tpr6V'],2001,2001-07-30,1,10,0.503,0.6890000000000001,0.00855,0.615,143.906,202760,0.0126,0.131,-9.424,0.0313
Take It Or Leave It,Is This It,['The Strokes'],['0epOFNiUfyON9EYx7Tpr6V'],2001,2001-07-30,1,11,0.43,0.913,0.000959,0.481,154.066,196067,0.369,0.1369999999999999,-6.202999999999999,0.0389
Ballad of Big Nothing,An Introduction to Elliott Smith,['Elliott Smith'],['2ApaG60P4r0yhBoDCGD8YG'],2010,2010-11-02,1,1,0.6409999999999999,0.5379999999999999,0.3339999999999999,0.7,109.268,167920,0.000174,0.148,-9.651,0.0285
"Waltz, No. 2 (XO)",An Introduction to Elliott Smith,['Elliott Smith'],['2ApaG60P4r0yhBoDCGD8YG'],2010,2010-11-02,1,2,0.631,0.491,0.39,0.648,132.156,278720,4.9e-05,0.0876,-7.677,0.0257
Pictures of Me,An Introduction to Elliott Smith,['Elliott Smith'],['2ApaG60P4r0yhBoDCGD8YG'],2010,2010-11-02,1,3,0.595,0.47,0.208,0.319,135.332,227227,2.7399999999999995e-05,0.136,-7.937,0.0289999999999999
The Biggest Lie,An Introduction to Elliott Smith,['Elliott Smith'],['2ApaG60P4r0yhBoDCGD8YG'],2010,2010-11-02,1,4,0.546,0.215,0.542,0.337,150.741,161040,0.000131,0.121,-13.719,0.0308
Alameda,An Introduction to Elliott Smith,['Elliott Smith'],['2ApaG60P4r0yhBoDCGD8YG'],2010,2010-11-02,1,5,0.598,0.481,0.389,0.3429999999999999,78.467,224947,0.0797,0.2319999999999999,-9.759,0.0303
Between the Bars,An Introduction to Elliott Smith,['Elliott Smith'],['2ApaG60P4r0yhBoDCGD8YG'],2010,2010-11-02,1,6,0.4629999999999999,0.14,0.918,0.414,135.77,142173,0.588,0.0993,-19.344,0.0576
Needle in the Hay,An Introduction to Elliott Smith,['Elliott Smith'],['2ApaG60P4r0yhBoDCGD8YG'],2010,2010-11-02,1,7,0.552,0.211,0.602,0.35,116.254,259893,0.00725,0.1159999999999999,-16.791,0.0388
Last Call,An Introduction to Elliott Smith,['Elliott Smith'],['2ApaG60P4r0yhBoDCGD8YG'],2010,2010-11-02,1,8,0.3879999999999999,0.445,0.233,0.246,146.833,278680,0.0,0.11,-7.914,0.0326
Angeles,An Introduction to Elliott Smith,['Elliott Smith'],['2ApaG60P4r0yhBoDCGD8YG'],2010,2010-11-02,1,9,0.5329999999999999,0.226,0.809,0.624,118.225,176227,0.207,0.138,-16.367,0.0473
Twilight,An Introduction to Elliott Smith,['Elliott Smith'],['2ApaG60P4r0yhBoDCGD8YG'],2010,2010-11-02,1,10,0.409,0.412,0.446,0.489,141.157,265627,0.0001419999999999,0.353,-11.04,0.0367
Pretty (Ugly Before),An Introduction to Elliott Smith,['Elliott Smith'],['2ApaG60P4r0yhBoDCGD8YG'],2010,2010-11-02,1,11,0.457,0.569,0.0381,0.177,75.94,285240,0.000333,0.0841,-6.414,0.0269
Angel in the Snow,An Introduction to Elliott Smith,['Elliott Smith'],['2ApaG60P4r0yhBoDCGD8YG'],2010,2010-11-02,1,12,0.634,0.353,0.597,0.23,108.326,158200,0.000644,0.075,-10.993,0.0315
Miss Misery - Early Version,An Introduction to Elliott Smith,['Elliott Smith'],['2ApaG60P4r0yhBoDCGD8YG'],2010,2010-11-02,1,13,0.4920000000000001,0.2269999999999999,0.904,0.3339999999999999,134.655,175147,0.402,0.111,-14.325,0.0363
Happiness - Single Version,An Introduction to Elliott Smith,['Elliott Smith'],['2ApaG60P4r0yhBoDCGD8YG'],2010,2010-11-02,1,14,0.4639999999999999,0.542,0.0090599999999999,0.206,75.926,315373,0.00141,0.354,-8.56,0.0299
Coast to Coast,From A Basement On The Hill,['Elliott Smith'],['2ApaG60P4r0yhBoDCGD8YG'],2004,2004-10-18,1,1,0.183,0.677,0.301,0.174,84.40899999999998,333667,1.89e-06,0.125,-9.803,0.0434
Let's Get Lost,From A Basement On The Hill,['Elliott Smith'],['2ApaG60P4r0yhBoDCGD8YG'],2004,2004-10-18,1,2,0.541,0.337,0.831,0.575,92.112,147240,0.000805,0.1009999999999999,-15.223,0.0406
Pretty (Ugly Before),From A Basement On The Hill,['Elliott Smith'],['2ApaG60P4r0yhBoDCGD8YG'],2004,2004-10-18,1,3,0.487,0.509,0.0514,0.19,75.788,285733,0.000788,0.0896,-7.707999999999997,0.0271
Don't Go Down,From A Basement On The Hill,['Elliott Smith'],['2ApaG60P4r0yhBoDCGD8YG'],2004,2004-10-18,1,4,0.173,0.583,0.000925,0.2289999999999999,176.25099999999995,274107,2.19e-05,0.106,-8.206,0.0343
Strung Out Again,From A Basement On The Hill,['Elliott Smith'],['2ApaG60P4r0yhBoDCGD8YG'],2004,2004-10-18,1,5,0.4529999999999999,0.362,0.0628,0.212,122.524,192640,0.0,0.152,-10.028,0.0302
A Fond Farewell,From A Basement On The Hill,['Elliott Smith'],['2ApaG60P4r0yhBoDCGD8YG'],2004,2004-10-18,1,6,0.682,0.375,0.4589999999999999,0.2339999999999999,122.143,238013,0.0511,0.109,-12.155,0.0431
King's Crossing,From A Basement On The Hill,['Elliott Smith'],['2ApaG60P4r0yhBoDCGD8YG'],2004,2004-10-18,1,7,0.395,0.3429999999999999,0.183,0.0589,122.553,297973,0.0622,0.451,-10.027,0.0329
Ostrich & Chirping,From A Basement On The Hill,['Elliott Smith'],['2ApaG60P4r0yhBoDCGD8YG'],2004,2004-10-18,1,8,0.496,0.431,0.987,0.621,60.371,33960,0.171,0.885,-20.724,0.166
Twilight,From A Basement On The Hill,['Elliott Smith'],['2ApaG60P4r0yhBoDCGD8YG'],2004,2004-10-18,1,9,0.428,0.377,0.2689999999999999,0.487,140.998,269360,0.00223,0.183,-13.039,0.0351
A Passing Feeling,From A Basement On The Hill,['Elliott Smith'],['2ApaG60P4r0yhBoDCGD8YG'],2004,2004-10-18,1,10,0.368,0.52,0.0536,0.16,73.715,212040,3.79e-05,0.068,-8.465,0.0297
The Last Hour,From A Basement On The Hill,['Elliott Smith'],['2ApaG60P4r0yhBoDCGD8YG'],2004,2004-10-18,1,11,0.594,0.171,0.871,0.2789999999999999,117.878,207733,0.0513,0.157,-17.814,0.0343
Shooting Star,From A Basement On The Hill,['Elliott Smith'],['2ApaG60P4r0yhBoDCGD8YG'],2004,2004-10-18,1,12,0.517,0.7979999999999999,0.0199,0.505,105.953,361667,0.000364,0.221,-7.562,0.035
Memory Lane,From A Basement On The Hill,['Elliott Smith'],['2ApaG60P4r0yhBoDCGD8YG'],2004,2004-10-18,1,13,0.613,0.356,0.647,0.484,106.043,150907,0.0,0.301,-12.264,0.0498
Little One,From A Basement On The Hill,['Elliott Smith'],['2ApaG60P4r0yhBoDCGD8YG'],2004,2004-10-18,1,14,0.466,0.135,0.923,0.271,118.995,194920,1.83e-06,0.0766,-14.704,0.0382
A Distorted Reality is Now A Necessity to be Free,From A Basement On The Hill,['Elliott Smith'],['2ApaG60P4r0yhBoDCGD8YG'],2004,2004-10-18,1,15,0.575,0.441,0.221,0.294,83.512,272747,0.0102,0.0827,-9.621,0.0253
I Need My Girl,I Need My Girl,['The National'],['2cCUtGK9sDU2EoElnk0GNB'],2014,2014-02-03,1,1,0.52,0.436,0.865,0.114,126.053,245240,0.0651,0.123,-11.508,0.0355
Learning,I Need My Girl,['The National'],['2cCUtGK9sDU2EoElnk0GNB'],2014,2014-02-03,1,2,0.525,0.19,0.97,0.0881,114.624,181053,0.1369999999999999,0.113,-15.212,0.0313
Think You Can Wait (from the Film Win Win),Think You Can Wait (from the Film Win Win) - Single,['The National'],['2cCUtGK9sDU2EoElnk0GNB'],2011,2011-03-22,1,1,0.45,0.354,0.769,0.4029999999999999,154.165,277984,0.884,0.1119999999999999,-12.4,0.027
Exile Vilify (From the Game Portal 2),Exile Vilify (From the Game Portal 2) - Single,['The National'],['2cCUtGK9sDU2EoElnk0GNB'],2011,2011-04-19,1,1,0.512,0.373,0.777,0.204,120.059,285000,0.501,0.11,-11.765,0.0289
Turn on Me,For The Throne (Music Inspired by the HBO Series Game of Thrones),['The National'],['2cCUtGK9sDU2EoElnk0GNB'],2019,2019-04-26,1,7,0.643,0.5529999999999999,0.6,0.3979999999999999,116.061,255560,0.0811,0.1159999999999999,-6.459,0.0271
Angeles - Alternative Version,Alternate Versions from Either/Or,['Elliott Smith'],['2ApaG60P4r0yhBoDCGD8YG'],2012,2012-09-18,1,1,0.503,0.192,0.883,0.366,116.582,174537,0.377,0.131,-17.31,0.0403
Alameda - Alternative Version,Alternate Versions from Either/Or,['Elliott Smith'],['2ApaG60P4r0yhBoDCGD8YG'],2012,2012-09-18,1,2,0.556,0.45,0.238,0.228,78.275,222325,0.079,0.0912,-12.303,0.0319
Ballad of Big Nothing - Alternate Vocal,Alternate Versions from Either/Or,['Elliott Smith'],['2ApaG60P4r0yhBoDCGD8YG'],2012,2012-09-18,1,3,0.6779999999999999,0.5429999999999999,0.149,0.6629999999999999,109.419,167488,0.0126,0.14,-10.769,0.0279
Punch and Judy - Other Version,Alternate Versions from Either/Or,['Elliott Smith'],['2ApaG60P4r0yhBoDCGD8YG'],2012,2012-09-18,1,4,0.619,0.418,0.159,0.6709999999999999,133.217,233397,0.0639,0.325,-12.728,0.0319
Secret Meeting - Remix,Secret Meeting,['The National'],['2cCUtGK9sDU2EoElnk0GNB'],2005,2005-08-29,1,1,0.632,0.633,0.4639999999999999,0.491,112.154,222867,5.97e-05,0.109,-5.686,0.0385
The Geese of Beverly Road - Live,Secret Meeting,['The National'],['2cCUtGK9sDU2EoElnk0GNB'],2005,2005-08-29,1,2,0.522,0.847,0.0035299999999999,0.4379999999999999,112.393,272467,0.895,0.932,-7.765,0.0265
Sunshine on My Back,Sunshine on My Back,['The National'],['2cCUtGK9sDU2EoElnk0GNB'],2015,2015-04-02,1,1,0.511,0.8079999999999999,0.239,0.0806,116.892,219590,0.0229,0.11,-8.508,0.0408
Speed Trials,Either/Or: Expanded Edition,['Elliott Smith'],['2ApaG60P4r0yhBoDCGD8YG'],1997,1997-02-25,1,1,0.632,0.505,0.727,0.317,102.759,181293,0.32,0.264,-8.164,0.0277
Alameda,Either/Or: Expanded Edition,['Elliott Smith'],['2ApaG60P4r0yhBoDCGD8YG'],1997,1997-02-25,1,2,0.596,0.527,0.384,0.359,78.493,223400,0.0285,0.216,-8.036,0.0289
Ballad of Big Nothing,Either/Or: Expanded Edition,['Elliott Smith'],['2ApaG60P4r0yhBoDCGD8YG'],1997,1997-02-25,1,3,0.637,0.575,0.4029999999999999,0.635,109.255,168333,0.0016,0.148,-7.318,0.0265
Between the Bars,Either/Or: Expanded Edition,['Elliott Smith'],['2ApaG60P4r0yhBoDCGD8YG'],1997,1997-02-25,1,4,0.508,0.133,0.937,0.358,134.311,141200,0.91,0.115,-19.308,0.05
Pictures of Me,Either/Or: Expanded Edition,['Elliott Smith'],['2ApaG60P4r0yhBoDCGD8YG'],1997,1997-02-25,1,5,0.601,0.49,0.0802,0.307,134.593,226973,4.19e-05,0.129,-7.358,0.0284
No Name No. 5,Either/Or: Expanded Edition,['Elliott Smith'],['2ApaG60P4r0yhBoDCGD8YG'],1997,1997-02-25,1,6,0.505,0.28,0.309,0.18,145.27,223496,0.114,0.182,-11.688,0.0275
Rose Parade,Either/Or: Expanded Edition,['Elliott Smith'],['2ApaG60P4r0yhBoDCGD8YG'],1997,1997-02-25,1,7,0.7490000000000001,0.447,0.347,0.251,102.361,208467,0.778,0.346,-11.71,0.0289999999999999
Punch and Judy,Either/Or: Expanded Edition,['Elliott Smith'],['2ApaG60P4r0yhBoDCGD8YG'],1997,1997-02-25,1,8,0.496,0.379,0.6579999999999999,0.208,132.227,145707,0.138,0.115,-12.901,0.0365
Angeles,Either/Or: Expanded Edition,['Elliott Smith'],['2ApaG60P4r0yhBoDCGD8YG'],1997,1997-02-25,1,9,0.536,0.182,0.873,0.621,118.194,176827,0.465,0.143,-18.245,0.0531
Cupid's Trick,Either/Or: Expanded Edition,['Elliott Smith'],['2ApaG60P4r0yhBoDCGD8YG'],1997,1997-02-25,1,10,0.252,0.525,0.0828,0.131,176.93900000000005,184933,0.00432,0.127,-8.394,0.0328
2:45 AM,Either/Or: Expanded Edition,['Elliott Smith'],['2ApaG60P4r0yhBoDCGD8YG'],1997,1997-02-25,1,11,0.474,0.141,0.748,0.365,167.097,198973,6.23e-05,0.119,-15.955,0.0426
Say Yes,Either/Or: Expanded Edition,['Elliott Smith'],['2ApaG60P4r0yhBoDCGD8YG'],1997,1997-02-25,1,12,0.519,0.104,0.86,0.395,153.232,139000,0.0002379999999999,0.109,-18.808,0.0496
My New Freedom - Live,Either/Or: Expanded Edition,['Elliott Smith'],['2ApaG60P4r0yhBoDCGD8YG'],1997,1997-02-25,1,13,0.4029999999999999,0.461,0.958,0.5539999999999999,102.41,168551,0.2269999999999999,0.405,-16.463,0.0588
Pictures of Me - Live,Either/Or: Expanded Edition,['Elliott Smith'],['2ApaG60P4r0yhBoDCGD8YG'],1997,1997-02-25,1,14,0.471,0.299,0.918,0.285,139.664,238211,0.0,0.127,-10.007,0.0635
Angeles - Live,Either/Or: Expanded Edition,['Elliott Smith'],['2ApaG60P4r0yhBoDCGD8YG'],1997,1997-02-25,1,15,0.491,0.3379999999999999,0.953,0.506,115.828,182939,0.000121,0.273,-15.129,0.0567
Some Song - Live,Either/Or: Expanded Edition,['Elliott Smith'],['2ApaG60P4r0yhBoDCGD8YG'],1997,1997-02-25,1,16,0.609,0.262,0.945,0.487,112.397,194575,0.0,0.106,-13.935,0.089
Rose Parade - Live,Either/Or: Expanded Edition,['Elliott Smith'],['2ApaG60P4r0yhBoDCGD8YG'],1997,1997-02-25,1,17,0.596,0.517,0.903,0.59,114.285,218897,0.000132,0.696,-14.968,0.0566
New Monkey - Keys,Either/Or: Expanded Edition,['Elliott Smith'],['2ApaG60P4r0yhBoDCGD8YG'],1997,1997-02-25,1,18,0.474,0.203,0.971,0.485,101.982,41751,0.0,0.109,-16.131,0.0423
I Don't Think I'm Ever Gonna Figure It Out - Remixed / Remastered,Either/Or: Expanded Edition,['Elliott Smith'],['2ApaG60P4r0yhBoDCGD8YG'],1997,1997-02-25,1,19,0.598,0.465,0.8959999999999999,0.509,116.517,117135,0.7829999999999999,0.107,-9.344,0.0346
I Figured You Out,Either/Or: Expanded Edition,['Elliott Smith'],['2ApaG60P4r0yhBoDCGD8YG'],1997,1997-02-25,1,20,0.597,0.535,0.235,0.614,116.56,225022,0.0457,0.256,-11.099,0.0373
Bottle Up and Explode! - Alternate Version,Either/Or: Expanded Edition,['Elliott Smith'],['2ApaG60P4r0yhBoDCGD8YG'],1997,1997-02-25,1,21,0.425,0.475,0.123,0.147,129.95,206642,0.00245,0.104,-8.095,0.038
Abel,Abel,['The National'],['2cCUtGK9sDU2EoElnk0GNB'],2005,2005-02-28,1,1,0.342,0.944,0.000348,0.413,158.80700000000004,217027,0.256,0.0848,-3.873,0.0489
"Driver, Surprise Me",Abel,['The National'],['2cCUtGK9sDU2EoElnk0GNB'],2005,2005-02-28,1,2,0.526,0.728,0.148,0.5670000000000001,121.588,200227,0.182,0.2339999999999999,-7.055,0.0321
Keep It Upstairs,Abel,['The National'],['2cCUtGK9sDU2EoElnk0GNB'],2005,2005-02-28,1,3,0.472,0.569,0.77,0.1669999999999999,172.46200000000005,259080,0.0346,0.1169999999999999,-8.902999999999997,0.0379
Bloodbuzz Ohio,Bloodbuzz Ohio,['The National'],['2cCUtGK9sDU2EoElnk0GNB'],2010,2010-05-03,1,1,0.402,0.835,0.0558,0.69,157.066,275933,0.18,0.103,-6.367000000000001,0.043
Peggy-O,Day of the Dead,['The National'],['2cCUtGK9sDU2EoElnk0GNB'],2016,2016-05-20,1,7,0.502,0.537,0.622,0.22,118.889,335293,0.8690000000000001,0.144,-14.341,0.0446
Terrapin Station (Suite),Day of the Dead,"['Daniel Rossen', 'Christopher Bear', 'The National', 'Josh Kaufman', 'Conrad Doucette', 'Sō Percussion', 'Brooklyn Youth Chorus']","['2N7DBqf05DIw5tqKLRAUq4', '0emf9Ah5yNpbvhS49Bl3zt', '2cCUtGK9sDU2EoElnk0GNB', '3kKgcBXTgyAZhXPV3AaSZc', '0D2Zk928yNyLDubZBnoyZB', '0aNLauXlYmoVmPmpYS7Ut6', '1GWl4Xx2O4QywxMtxXI6mM']",2016,2016-05-20,1,18,0.565,0.701,0.363,0.288,138.00799999999998,1010520,0.178,0.0939,-7.752000000000002,0.0337
Morning Dew,Day of the Dead,['The National'],['2cCUtGK9sDU2EoElnk0GNB'],2016,2016-05-20,2,6,0.411,0.659,0.151,0.4270000000000001,82.016,334893,0.804,0.281,-7.622000000000001,0.0284
So Far Around the Bend,Knotty Pine / So Far Around the Bend,['The National'],['2cCUtGK9sDU2EoElnk0GNB'],2009,2009-02-02,1,2,0.52,0.782,0.158,0.546,124.046,222933,0.344,0.0863,-6.254,0.0403
What Ever Happened?,Room On Fire,['The Strokes'],['0epOFNiUfyON9EYx7Tpr6V'],2003,2003-10-28,1,1,0.547,0.599,9.67e-05,0.5870000000000001,116.165,169273,0.679,0.2289999999999999,-6.057,0.0344
Reptilia,Room On Fire,['The Strokes'],['0epOFNiUfyON9EYx7Tpr6V'],2003,2003-10-28,1,2,0.486,0.6659999999999999,0.000563,0.741,157.99200000000005,219754,0.789,0.1009999999999999,-5.084,0.033
Automatic Stop,Room On Fire,['The Strokes'],['0epOFNiUfyON9EYx7Tpr6V'],2003,2003-10-28,1,3,0.68,0.536,0.00336,0.959,105.917,207029,0.737,0.0884,-6.077999999999999,0.0384
12:51,Room On Fire,['The Strokes'],['0epOFNiUfyON9EYx7Tpr6V'],2003,2003-10-28,1,4,0.452,0.889,0.312,0.591,145.056,153133,0.8,0.5579999999999999,-3.838,0.0379
You Talk Way Too Much,Room On Fire,['The Strokes'],['0epOFNiUfyON9EYx7Tpr6V'],2003,2003-10-28,1,5,0.308,0.971,0.0625,0.659,128.204,186038,0.938,0.0806,-3.23,0.0344
Between Love & Hate,Room On Fire,['The Strokes'],['0epOFNiUfyON9EYx7Tpr6V'],2003,2003-10-28,1,6,0.4529999999999999,0.61,5.350000000000001e-05,0.525,104.188,196348,0.545,0.1009999999999999,-4.935,0.0254
Meet Me in the Bathroom,Room On Fire,['The Strokes'],['0epOFNiUfyON9EYx7Tpr6V'],2003,2003-10-28,1,7,0.426,0.94,6.7e-05,0.595,139.952,176160,0.883,0.0772,-3.973,0.0337
Under Control,Room On Fire,['The Strokes'],['0epOFNiUfyON9EYx7Tpr6V'],2003,2003-10-28,1,8,0.401,0.723,0.341,0.66,90.596,187153,0.775,0.0543,-4.651,0.0291
The Way It Is,Room On Fire,['The Strokes'],['0epOFNiUfyON9EYx7Tpr6V'],2003,2003-10-28,1,9,0.481,0.943,0.000179,0.877,137.091,141502,0.865,0.0985,-2.592,0.0495
The End Has No End,Room On Fire,['The Strokes'],['0epOFNiUfyON9EYx7Tpr6V'],2003,2003-10-28,1,10,0.536,0.655,0.000799,0.552,136.006,185435,0.8320000000000001,0.2289999999999999,-3.713,0.0336
I Can't Win,Room On Fire,['The Strokes'],['0epOFNiUfyON9EYx7Tpr6V'],2003,2003-10-28,1,11,0.473,0.745,0.00492,0.405,97.449,161100,0.634,0.105,-4.819,0.0321
Apartment Story,Apartment Story,['The National'],['2cCUtGK9sDU2EoElnk0GNB'],2007,2007-11-05,1,1,0.55,0.836,0.00837,0.787,141.988,212533,0.758,0.0934,-5.485,0.0362
Mansion on the Hill - Live,Apartment Story,['The National'],['2cCUtGK9sDU2EoElnk0GNB'],2007,2007-11-05,1,2,0.43,0.552,0.52,0.0941,127.803,278880,0.291,0.968,-7.405,0.0338
Mistaken for Strangers,Mistaken for Strangers,['The National'],['2cCUtGK9sDU2EoElnk0GNB'],2007,2007-04-30,1,1,0.539,0.925,0.0532,0.7509999999999999,133.00799999999998,210960,0.87,0.298,-5.303,0.0313
Blank Slate,Mistaken for Strangers,['The National'],['2cCUtGK9sDU2EoElnk0GNB'],2007,2007-04-30,1,2,0.595,0.804,0.123,0.726,152.086,195880,0.672,0.0921,-6.441,0.0342
Santa Clara,Mistaken for Strangers,['The National'],['2cCUtGK9sDU2EoElnk0GNB'],2007,2007-04-30,1,3,0.377,0.445,0.6,0.355,84.334,245480,0.138,0.105,-8.128,0.0255
Lit Up - Remix,Lit Up,['The National'],['2cCUtGK9sDU2EoElnk0GNB'],2005,2005-11-14,1,1,0.423,0.909,4.13e-05,0.4920000000000001,150.033,180107,0.21,0.126,-6.303999999999999,0.0501
You've Done It Again Virginia,Lit Up,['The National'],['2cCUtGK9sDU2EoElnk0GNB'],2005,2005-11-14,1,2,0.713,0.158,0.931,0.369,122.119,186813,0.319,0.0872,-16.805999999999994,0.0765
Lit Up - Parisian Party Version,Lit Up,['The National'],['2cCUtGK9sDU2EoElnk0GNB'],2005,2005-11-14,1,3,0.496,0.8420000000000001,0.396,0.536,151.191,182307,0.3329999999999999,0.16,-6.471,0.0403
"You've Done It Again, Virginia","A Skin, A Night + The Virginia EP",['The National'],['2cCUtGK9sDU2EoElnk0GNB'],2008,2008-05-20,1,1,0.5660000000000001,0.535,0.777,0.584,124.916,189067,0.121,0.0844,-7.7029999999999985,0.0359
Santa Clara,"A Skin, A Night + The Virginia EP",['The National'],['2cCUtGK9sDU2EoElnk0GNB'],2008,2008-05-20,1,2,0.377,0.445,0.6,0.355,84.334,245480,0.138,0.105,-8.128,0.0255
Blank Slate,"A Skin, A Night + The Virginia EP",['The National'],['2cCUtGK9sDU2EoElnk0GNB'],2008,2008-05-20,1,3,0.595,0.804,0.123,0.726,152.086,195880,0.672,0.0921,-6.441,0.0342
Tall Saint - Demo,"A Skin, A Night + The Virginia EP",['The National'],['2cCUtGK9sDU2EoElnk0GNB'],2008,2008-05-20,1,4,0.612,0.6729999999999999,0.4,0.35,110.016,224920,0.825,0.111,-7.155,0.0266
Without Permission,"A Skin, A Night + The Virginia EP",['The National'],['2cCUtGK9sDU2EoElnk0GNB'],2008,2008-05-20,1,5,0.623,0.547,0.354,0.0405,149.293,217013,0.233,0.0993,-9.127,0.0531
Forever After Days - Demo,"A Skin, A Night + The Virginia EP",['The National'],['2cCUtGK9sDU2EoElnk0GNB'],2008,2008-05-20,1,6,0.667,0.484,0.804,0.0844,120.051,181613,0.148,0.127,-8.71,0.0373
Rest of Years - Demo,"A Skin, A Night + The Virginia EP",['The National'],['2cCUtGK9sDU2EoElnk0GNB'],2008,2008-05-20,1,7,0.725,0.507,0.552,0.52,110.057,220627,0.0509,0.115,-7.717,0.0282
Slow Show - Live,"A Skin, A Night + The Virginia EP",['The National'],['2cCUtGK9sDU2EoElnk0GNB'],2008,2008-05-20,1,8,0.4579999999999999,0.617,0.0648,0.423,144.30700000000004,255387,0.4589999999999999,0.696,-9.006,0.0414
Lucky You - Daytrotter Session,"A Skin, A Night + The Virginia EP",['The National'],['2cCUtGK9sDU2EoElnk0GNB'],2008,2008-05-20,1,9,0.594,0.457,0.644,0.352,140.905,235987,0.728,0.0962,-9.175,0.0289
Mansion on the Hill - Live,"A Skin, A Night + The Virginia EP",['The National'],['2cCUtGK9sDU2EoElnk0GNB'],2008,2008-05-20,1,10,0.43,0.552,0.52,0.0941,127.803,278880,0.291,0.968,-7.405,0.0338
Fake Empire - Live,"A Skin, A Night + The Virginia EP",['The National'],['2cCUtGK9sDU2EoElnk0GNB'],2008,2008-05-20,1,11,0.364,0.563,0.188,0.247,104.191,234147,0.0174,0.183,-9.236,0.0456
About Today - Live,"A Skin, A Night + The Virginia EP",['The National'],['2cCUtGK9sDU2EoElnk0GNB'],2008,2008-05-20,1,12,0.354,0.675,0.0857,0.299,116.265,505293,0.777,0.973,-8.165,0.0394
Secret Meeting,Alligator,['The National'],['2cCUtGK9sDU2EoElnk0GNB'],2005,2005-04-11,1,1,0.622,0.626,0.375,0.629,111.957,224773,0.00091,0.265,-5.553,0.0365
Karen,Alligator,['The National'],['2cCUtGK9sDU2EoElnk0GNB'],2005,2005-04-11,1,2,0.659,0.622,0.271,0.7659999999999999,97.983,239120,0.805,0.0873,-6.526,0.0243
Lit Up,Alligator,['The National'],['2cCUtGK9sDU2EoElnk0GNB'],2005,2005-04-11,1,3,0.428,0.873,0.00282,0.598,149.852,175027,0.0411,0.0735,-5.101,0.0382
Looking for Astronauts,Alligator,['The National'],['2cCUtGK9sDU2EoElnk0GNB'],2005,2005-04-11,1,4,0.499,0.8590000000000001,0.0672,0.889,138.564,203160,0.0777,0.205,-6.465,0.0349
Daughters of the Soho Riots,Alligator,['The National'],['2cCUtGK9sDU2EoElnk0GNB'],2005,2005-04-11,1,5,0.563,0.444,0.645,0.309,85.999,238573,0.7120000000000001,0.125,-12.543,0.0314
Baby We'll Be Fine,Alligator,['The National'],['2cCUtGK9sDU2EoElnk0GNB'],2005,2005-04-11,1,6,0.46,0.8290000000000001,0.3329999999999999,0.4039999999999999,125.112,201533,0.0748,0.035,-6.948,0.0388
Friend of Mine,Alligator,['The National'],['2cCUtGK9sDU2EoElnk0GNB'],2005,2005-04-11,1,7,0.655,0.935,0.3429999999999999,0.815,127.44,205253,0.013,0.144,-5.526,0.0426
Val Jester,Alligator,['The National'],['2cCUtGK9sDU2EoElnk0GNB'],2005,2005-04-11,1,8,0.473,0.457,0.713,0.0618,114.333,180653,0.8759999999999999,0.0819,-11.373,0.0275
All the Wine,Alligator,['The National'],['2cCUtGK9sDU2EoElnk0GNB'],2005,2005-04-11,1,9,0.604,0.853,0.000744,0.635,119.996,195320,0.0534,0.0995,-4.84,0.0265
Abel,Alligator,['The National'],['2cCUtGK9sDU2EoElnk0GNB'],2005,2005-04-11,1,10,0.342,0.944,0.000348,0.413,158.80700000000004,217027,0.256,0.0848,-3.873,0.0489
The Geese of Beverly Road,Alligator,['The National'],['2cCUtGK9sDU2EoElnk0GNB'],2005,2005-04-11,1,11,0.5379999999999999,0.8009999999999999,0.0502,0.361,107.558,296787,0.174,0.11,-7.026,0.0298
City Middle,Alligator,['The National'],['2cCUtGK9sDU2EoElnk0GNB'],2005,2005-04-11,1,12,0.529,0.508,0.87,0.379,141.92600000000004,267587,0.0318,0.141,-8.655,0.0379
Mr. November,Alligator,['The National'],['2cCUtGK9sDU2EoElnk0GNB'],2005,2005-04-11,1,13,0.416,0.879,0.0234,0.706,146.166,240493,1.74e-06,0.183,-4.187,0.0453
Nobody Else Will Be There,Sleep Well Beast,['The National'],['2cCUtGK9sDU2EoElnk0GNB'],2017,2017-09-08,1,1,0.657,0.541,0.757,0.568,99.022,280773,0.588,0.0589,-10.883,0.0296
Day I Die,Sleep Well Beast,['The National'],['2cCUtGK9sDU2EoElnk0GNB'],2017,2017-09-08,1,2,0.4320000000000001,0.947,0.00406,0.386,147.981,271533,0.737,0.0777,-5.442,0.0943
Walk It Back,Sleep Well Beast,['The National'],['2cCUtGK9sDU2EoElnk0GNB'],2017,2017-09-08,1,3,0.727,0.475,0.644,0.1119999999999999,126.046,359360,0.894,0.434,-12.468,0.0616
The System Only Dreams in Total Darkness,Sleep Well Beast,['The National'],['2cCUtGK9sDU2EoElnk0GNB'],2017,2017-09-08,1,4,0.596,0.912,0.156,0.371,110.014,236747,0.794,0.584,-6.74,0.211
Born to Beg,Sleep Well Beast,['The National'],['2cCUtGK9sDU2EoElnk0GNB'],2017,2017-09-08,1,5,0.528,0.63,0.925,0.267,169.48,262680,0.858,0.1009999999999999,-13.168,0.0611
Turtleneck,Sleep Well Beast,['The National'],['2cCUtGK9sDU2EoElnk0GNB'],2017,2017-09-08,1,6,0.4270000000000001,0.991,0.0762,0.104,109.875,180000,0.8270000000000001,0.1669999999999999,-3.831,0.212
Empire Line,Sleep Well Beast,['The National'],['2cCUtGK9sDU2EoElnk0GNB'],2017,2017-09-08,1,7,0.593,0.643,0.519,0.363,116.03,323760,0.774,0.102,-10.995,0.0351
I'll Still Destroy You,Sleep Well Beast,['The National'],['2cCUtGK9sDU2EoElnk0GNB'],2017,2017-09-08,1,8,0.536,0.8370000000000001,0.332,0.26,145.001,315280,0.787,0.1,-7.494,0.0558
Guilty Party,Sleep Well Beast,['The National'],['2cCUtGK9sDU2EoElnk0GNB'],2017,2017-09-08,1,9,0.368,0.6859999999999999,0.7020000000000001,0.588,182.262,338973,0.777,0.124,-8.332,0.0735
Carin at the Liquor Store,Sleep Well Beast,['The National'],['2cCUtGK9sDU2EoElnk0GNB'],2017,2017-09-08,1,10,0.54,0.615,0.594,0.239,93.17,213733,0.799,0.12,-9.264,0.034
Dark Side of the Gym,Sleep Well Beast,['The National'],['2cCUtGK9sDU2EoElnk0GNB'],2017,2017-09-08,1,11,0.642,0.475,0.727,0.4529999999999999,103.956,290093,0.7809999999999999,0.12,-11.404000000000002,0.0294
Sleep Well Beast,Sleep Well Beast,['The National'],['2cCUtGK9sDU2EoElnk0GNB'],2017,2017-09-08,1,12,0.451,0.603,0.773,0.349,137.981,393187,0.645,0.118,-11.407,0.0798
Speed Trials,Either/Or,['Elliott Smith'],['2ApaG60P4r0yhBoDCGD8YG'],1997,1997-02-25,1,1,0.638,0.377,0.794,0.33,102.763,181293,0.586,0.106,-13.139,0.0312
Alameda,Either/Or,['Elliott Smith'],['2ApaG60P4r0yhBoDCGD8YG'],1997,1997-02-25,1,2,0.596,0.417,0.436,0.3329999999999999,78.48100000000002,223400,0.04,0.0882,-12.042,0.0294
Ballad Of Big Nothing,Either/Or,['Elliott Smith'],['2ApaG60P4r0yhBoDCGD8YG'],1997,1997-02-25,1,3,0.655,0.517,0.36,0.636,109.242,168333,0.00629,0.144,-10.261,0.0302
Between the Bars,Either/Or,['Elliott Smith'],['2ApaG60P4r0yhBoDCGD8YG'],1997,1997-02-25,1,4,0.519,0.0774,0.937,0.353,135.245,141200,0.8859999999999999,0.107,-23.593000000000004,0.0629
Pictures Of Me,Either/Or,['Elliott Smith'],['2ApaG60P4r0yhBoDCGD8YG'],1997,1997-02-25,1,5,0.623,0.3989999999999999,0.123,0.33,134.68,226973,0.000103,0.115,-10.883,0.0289999999999999
No Name No. 5,Either/Or,['Elliott Smith'],['2ApaG60P4r0yhBoDCGD8YG'],1997,1997-02-25,1,6,0.502,0.1939999999999999,0.304,0.148,144.94,223493,0.0162,0.114,-15.384,0.0292
Rose Parade,Either/Or,['Elliott Smith'],['2ApaG60P4r0yhBoDCGD8YG'],1997,1997-02-25,1,7,0.7490000000000001,0.357,0.34,0.282,102.319,208467,0.5770000000000001,0.258,-14.811,0.0309
Punch And Judy,Either/Or,['Elliott Smith'],['2ApaG60P4r0yhBoDCGD8YG'],1997,1997-02-25,1,8,0.461,0.251,0.594,0.208,131.963,145707,0.1939999999999999,0.113,-19.02,0.0409999999999999
Angeles,Either/Or,['Elliott Smith'],['2ApaG60P4r0yhBoDCGD8YG'],1997,1997-02-25,1,9,0.53,0.0993,0.86,0.588,118.139,176827,0.2,0.153,-23.548,0.0549
Cupids Trick,Either/Or,['Elliott Smith'],['2ApaG60P4r0yhBoDCGD8YG'],1997,1997-02-25,1,10,0.239,0.4920000000000001,0.0866,0.131,176.683,184933,0.0122,0.11,-10.979,0.034
2:45 AM,Either/Or,['Elliott Smith'],['2ApaG60P4r0yhBoDCGD8YG'],1997,1997-02-25,1,11,0.489,0.0858,0.782,0.368,167.28400000000005,198973,0.000109,0.111,-20.465,0.0432
Say Yes,Either/Or,['Elliott Smith'],['2ApaG60P4r0yhBoDCGD8YG'],1997,1997-02-25,1,12,0.499,0.0875,0.871,0.418,153.439,139000,0.000221,0.11,-20.383,0.05
Fake Empire - Live in Brussels,Boxer (Live in Brussels),['The National'],['2cCUtGK9sDU2EoElnk0GNB'],2018,2018-07-13,1,1,0.4,0.785,0.0409999999999999,0.397,102.625,201421,0.335,0.922,-8.097999999999999,0.0378
Mistaken For Strangers - Live in Brussels,Boxer (Live in Brussels),['The National'],['2cCUtGK9sDU2EoElnk0GNB'],2018,2018-07-13,1,2,0.456,0.942,0.00455,0.3829999999999999,139.55700000000002,208278,0.637,0.973,-5.825,0.0902
Brainy - Live in Brussels,Boxer (Live in Brussels),['The National'],['2cCUtGK9sDU2EoElnk0GNB'],2018,2018-07-13,1,3,0.431,0.895,0.0891,0.483,84.56200000000003,229230,0.6,0.583,-7.286,0.0507
Squalor Victoria - Live in Brussels,Boxer (Live in Brussels),['The National'],['2cCUtGK9sDU2EoElnk0GNB'],2018,2018-07-13,1,4,0.408,0.7909999999999999,0.0178,0.4970000000000001,137.816,310599,0.7240000000000001,0.973,-7.653,0.0448
Green Gloves - Live in Brussels,Boxer (Live in Brussels),['The National'],['2cCUtGK9sDU2EoElnk0GNB'],2018,2018-07-13,1,5,0.51,0.43,0.789,0.217,148.59799999999996,235923,0.35,0.711,-11.649,0.0297
Slow Show - Live in Brussels,Boxer (Live in Brussels),['The National'],['2cCUtGK9sDU2EoElnk0GNB'],2018,2018-07-13,1,6,0.3779999999999999,0.698,0.254,0.426,149.601,288573,0.218,0.551,-8.977,0.0441
Apartment Story - Live in Brussels,Boxer (Live in Brussels),['The National'],['2cCUtGK9sDU2EoElnk0GNB'],2018,2018-07-13,1,7,0.273,0.9,0.15,0.36,146.101,216960,0.135,0.7,-7.034,0.0775
Start A War - Live in Brussels,Boxer (Live in Brussels),['The National'],['2cCUtGK9sDU2EoElnk0GNB'],2018,2018-07-13,1,8,0.4639999999999999,0.6940000000000001,0.679,0.207,135.047,221586,0.489,0.723,-10.377,0.051
Guest Room - Live in Brussels,Boxer (Live in Brussels),['The National'],['2cCUtGK9sDU2EoElnk0GNB'],2018,2018-07-13,1,9,0.476,0.848,0.0568,0.445,138.422,227952,0.472,0.415,-8.272,0.0612
Racing Like A Pro - Live in Brussels,Boxer (Live in Brussels),['The National'],['2cCUtGK9sDU2EoElnk0GNB'],2018,2018-07-13,1,10,0.422,0.545,0.733,0.266,137.03799999999998,249835,0.397,0.235,-10.622,0.0596
Ada - Live in Brussels,Boxer (Live in Brussels),['The National'],['2cCUtGK9sDU2EoElnk0GNB'],2018,2018-07-13,1,11,0.38,0.597,0.61,0.0989,121.948,275756,0.0702,0.369,-9.633,0.0524
Gospel - Live in Brussels,Boxer (Live in Brussels),['The National'],['2cCUtGK9sDU2EoElnk0GNB'],2018,2018-07-13,1,12,0.542,0.4479999999999999,0.531,0.218,81.393,265977,0.00145,0.198,-11.765999999999998,0.042
Nobody Else Will Be There - Live at Berkeley 9/24/18,Juicy Sonic Magic (Live in Berkeley September 24-25 2018),['The National'],['2cCUtGK9sDU2EoElnk0GNB'],2019,2019-12-24,1,1,0.544,0.514,0.106,0.342,99.641,312007,0.858,0.965,-13.652,0.0416
The System Only Dreams in Total Darkness - Live at Berkeley 9/24/18,Juicy Sonic Magic (Live in Berkeley September 24-25 2018),['The National'],['2cCUtGK9sDU2EoElnk0GNB'],2019,2019-12-24,1,2,0.429,0.7509999999999999,0.0335,0.327,114.031,257416,0.669,0.897,-12.217,0.0645
Walk It Back - Live at Berkeley 9/24/18,Juicy Sonic Magic (Live in Berkeley September 24-25 2018),['The National'],['2cCUtGK9sDU2EoElnk0GNB'],2019,2019-12-24,1,3,0.578,0.385,0.0154,0.172,126.716,365738,0.622,0.92,-14.585,0.0362
Guilty Party - Live at Berkeley 9/24/18,Juicy Sonic Magic (Live in Berkeley September 24-25 2018),['The National'],['2cCUtGK9sDU2EoElnk0GNB'],2019,2019-12-24,1,4,0.41,0.6809999999999999,0.00295,0.351,140.314,384058,0.762,0.563,-11.946,0.061
Don't Swallow the Cap - Live at Berkeley 9/24/18,Juicy Sonic Magic (Live in Berkeley September 24-25 2018),['The National'],['2cCUtGK9sDU2EoElnk0GNB'],2019,2019-12-24,1,5,0.2239999999999999,0.633,0.0168,0.326,87.31200000000004,332150,0.3720000000000001,0.5870000000000001,-11.359000000000002,0.0767
Bloodbuzz Ohio - Live at Berkeley 9/24/18,Juicy Sonic Magic (Live in Berkeley September 24-25 2018),['The National'],['2cCUtGK9sDU2EoElnk0GNB'],2019,2019-12-24,1,6,0.247,0.544,0.0116,0.07,106.062,403084,0.6729999999999999,0.755,-13.181,0.0576
I Need My Girl - Live at Berkeley 9/24/18,Juicy Sonic Magic (Live in Berkeley September 24-25 2018),['The National'],['2cCUtGK9sDU2EoElnk0GNB'],2019,2019-12-24,1,7,0.365,0.4429999999999999,0.0219,0.214,123.442,296475,0.00037,0.422,-16.276,0.147
Green Gloves - Live at Berkeley 9/24/18,Juicy Sonic Magic (Live in Berkeley September 24-25 2018),['The National'],['2cCUtGK9sDU2EoElnk0GNB'],2019,2019-12-24,1,8,0.4320000000000001,0.249,0.131,0.132,73.469,258992,0.304,0.407,-18.974,0.0557
Brainy - Live at Berkeley 9/24/18,Juicy Sonic Magic (Live in Berkeley September 24-25 2018),['The National'],['2cCUtGK9sDU2EoElnk0GNB'],2019,2019-12-24,1,9,0.523,0.5589999999999999,0.0122,0.171,85.59299999999998,262679,0.726,0.976,-14.232,0.0829
Slow Show - Live at Berkeley 9/24/18,Juicy Sonic Magic (Live in Berkeley September 24-25 2018),['The National'],['2cCUtGK9sDU2EoElnk0GNB'],2019,2019-12-24,1,10,0.306,0.546,0.00165,0.283,150.30700000000004,260145,0.5660000000000001,0.473,-13.4,0.0415
All The Wine - Live at Berkeley 9/24/18,Juicy Sonic Magic (Live in Berkeley September 24-25 2018),['The National'],['2cCUtGK9sDU2EoElnk0GNB'],2019,2019-12-24,1,11,0.482,0.612,0.00161,0.299,124.661,330699,0.4629999999999999,0.7140000000000001,-13.855,0.061
I'll Still Destroy You - Live at Berkeley 9/24/18,Juicy Sonic Magic (Live in Berkeley September 24-25 2018),['The National'],['2cCUtGK9sDU2EoElnk0GNB'],2019,2019-12-24,1,12,0.413,0.5479999999999999,0.0373,0.35,145.937,339865,0.63,0.96,-13.715,0.0611
Dark Side of the Gym - Live at Berkeley 9/24/18,Juicy Sonic Magic (Live in Berkeley September 24-25 2018),['The National'],['2cCUtGK9sDU2EoElnk0GNB'],2019,2019-12-24,1,13,0.491,0.406,0.00242,0.353,110.748,279754,0.0914,0.62,-14.682,0.0382
Day I Die - Live at Berkeley 9/24/18,Juicy Sonic Magic (Live in Berkeley September 24-25 2018),['The National'],['2cCUtGK9sDU2EoElnk0GNB'],2019,2019-12-24,1,14,0.324,0.7170000000000001,0.0256,0.267,147.27100000000004,332225,0.3720000000000001,0.8859999999999999,-12.499,0.156
Carin at the Liquor Store - Live at Berkeley 9/24/18,Juicy Sonic Magic (Live in Berkeley September 24-25 2018),['The National'],['2cCUtGK9sDU2EoElnk0GNB'],2019,2019-12-24,1,15,0.447,0.311,0.0819,0.238,97.636,222923,0.604,0.826,-16.947,0.0342
Graceless - Live at Berkeley 9/24/18,Juicy Sonic Magic (Live in Berkeley September 24-25 2018),['The National'],['2cCUtGK9sDU2EoElnk0GNB'],2019,2019-12-24,1,16,0.349,0.67,0.0843,0.262,86.99600000000002,293663,0.882,0.7509999999999999,-11.948,0.0414
Rylan - Live at Berkeley 9/24/18,Juicy Sonic Magic (Live in Berkeley September 24-25 2018),['The National'],['2cCUtGK9sDU2EoElnk0GNB'],2019,2019-12-24,1,17,0.5429999999999999,0.563,0.02,0.485,144.49,406146,0.1119999999999999,0.94,-14.749,0.109
Fake Empire - Live at Berkeley 9/24/18,Juicy Sonic Magic (Live in Berkeley September 24-25 2018),['The National'],['2cCUtGK9sDU2EoElnk0GNB'],2019,2019-12-24,1,18,0.2789999999999999,0.636,0.00179,0.1639999999999999,104.945,235675,0.434,0.945,-13.581,0.073
Light Years - Live at Berkeley 9/24/18,Juicy Sonic Magic (Live in Berkeley September 24-25 2018),['The National'],['2cCUtGK9sDU2EoElnk0GNB'],2019,2019-12-24,1,19,0.337,0.341,0.113,0.287,131.499,322039,0.238,0.828,-20.224,0.0978
Mr. November - Live at Berkeley 9/24/18,Juicy Sonic Magic (Live in Berkeley September 24-25 2018),['The National'],['2cCUtGK9sDU2EoElnk0GNB'],2019,2019-12-24,1,20,0.273,0.626,0.0013,0.0946,74.601,282204,0.3,0.0931,-12.672,0.0592
Terrible Love - Live at Berkeley 9/24/18,Juicy Sonic Magic (Live in Berkeley September 24-25 2018),['The National'],['2cCUtGK9sDU2EoElnk0GNB'],2019,2019-12-24,1,21,0.168,0.591,0.000822,0.238,153.292,331627,0.265,0.919,-13.366,0.0604
Vanderlyle Crybaby Geeks - Live at Berkeley 9/24/18,Juicy Sonic Magic (Live in Berkeley September 24-25 2018),['The National'],['2cCUtGK9sDU2EoElnk0GNB'],2019,2019-12-24,1,22,0.374,0.359,0.6579999999999999,0.218,83.164,270130,0.00211,0.951,-22.966,0.0788
Light Years - Live at Berkeley 9/25/18,Juicy Sonic Magic (Live in Berkeley September 24-25 2018),['The National'],['2cCUtGK9sDU2EoElnk0GNB'],2019,2019-12-24,2,1,0.375,0.257,0.025,0.386,133.718,222563,0.0409999999999999,0.405,-21.252,0.0519
The System Only Dreams in Total Darkness - Live at Berkeley 9/25/18,Juicy Sonic Magic (Live in Berkeley September 24-25 2018),['The National'],['2cCUtGK9sDU2EoElnk0GNB'],2019,2019-12-24,2,2,0.479,0.654,0.00223,0.347,114.035,288009,0.4479999999999999,0.618,-13.985,0.154
Walk It Back - Live at Berkeley 9/25/18,Juicy Sonic Magic (Live in Berkeley September 24-25 2018),['The National'],['2cCUtGK9sDU2EoElnk0GNB'],2019,2019-12-24,2,3,0.5539999999999999,0.442,0.0038,0.223,127.221,361686,0.5579999999999999,0.624,-12.956,0.0339
Guilty Party - Live at Berkeley 9/25/18,Juicy Sonic Magic (Live in Berkeley September 24-25 2018),['The National'],['2cCUtGK9sDU2EoElnk0GNB'],2019,2019-12-24,2,4,0.317,0.6779999999999999,0.000722,0.314,108.979,382369,0.644,0.7909999999999999,-10.434,0.074
I Should Live in Salt - Live at Berkeley 9/25/18,Juicy Sonic Magic (Live in Berkeley September 24-25 2018),['The National'],['2cCUtGK9sDU2EoElnk0GNB'],2019,2019-12-24,2,5,0.306,0.619,0.0031899999999999,0.26,74.83800000000002,238301,0.154,0.474,-10.33,0.0412
Don't Swallow the Cap - Live at Berkeley 9/25/18,Juicy Sonic Magic (Live in Berkeley September 24-25 2018),['The National'],['2cCUtGK9sDU2EoElnk0GNB'],2019,2019-12-24,2,6,0.316,0.63,0.000636,0.322,86.85,344793,0.0933,0.871,-10.298,0.0667
Afraid of Everyone - Live at Berkeley 9/25/18,Juicy Sonic Magic (Live in Berkeley September 24-25 2018),['The National'],['2cCUtGK9sDU2EoElnk0GNB'],2019,2019-12-24,2,7,0.283,0.662,0.00156,0.178,134.20600000000002,277510,0.188,0.6809999999999999,-10.569,0.0616
I Need My Girl - Live at Berkeley 9/25/18,Juicy Sonic Magic (Live in Berkeley September 24-25 2018),['The National'],['2cCUtGK9sDU2EoElnk0GNB'],2019,2019-12-24,2,8,0.512,0.402,0.0135,0.168,123.443,252418,0.0035299999999999,0.649,-13.982,0.0334
This Is the Last Time - Live at Berkeley 9/25/18,Juicy Sonic Magic (Live in Berkeley September 24-25 2018),['The National'],['2cCUtGK9sDU2EoElnk0GNB'],2019,2019-12-24,2,9,0.327,0.593,0.00134,0.351,74.86399999999998,294031,0.0566,0.984,-12.125,0.0506
Wasp Nest - Live at Berkeley 9/25/18,Juicy Sonic Magic (Live in Berkeley September 24-25 2018),['The National'],['2cCUtGK9sDU2EoElnk0GNB'],2019,2019-12-24,2,10,0.3939999999999999,0.255,0.0299,0.11,79.05,272747,0.1669999999999999,0.925,-21.641,0.0467
Born to Beg - Live at Berkeley 9/25/18,Juicy Sonic Magic (Live in Berkeley September 24-25 2018),['The National'],['2cCUtGK9sDU2EoElnk0GNB'],2019,2019-12-24,2,11,0.301,0.373,0.0862,0.21,81.317,393294,0.0951,0.4429999999999999,-20.549,0.171
Sorrow - Live at Berkeley 9/25/18,Juicy Sonic Magic (Live in Berkeley September 24-25 2018),['The National'],['2cCUtGK9sDU2EoElnk0GNB'],2019,2019-12-24,2,12,0.351,0.434,0.001,0.1889999999999999,120.885,317086,0.0388,0.619,-15.707,0.0559999999999999
Apartment Story - Live at Berkeley 9/25/18,Juicy Sonic Magic (Live in Berkeley September 24-25 2018),['The National'],['2cCUtGK9sDU2EoElnk0GNB'],2019,2019-12-24,2,13,0.266,0.494,0.00983,0.2189999999999999,69.002,278895,0.0605,0.62,-13.065,0.0486
Pink Rabbits - Live at Berkeley 9/25/18,Juicy Sonic Magic (Live in Berkeley September 24-25 2018),['The National'],['2cCUtGK9sDU2EoElnk0GNB'],2019,2019-12-24,2,14,0.32,0.41,0.00157,0.18,116.414,266553,0.0289,0.698,-14.081,0.0386
Day I Die - Live at Berkeley 9/25/18,Juicy Sonic Magic (Live in Berkeley September 24-25 2018),['The National'],['2cCUtGK9sDU2EoElnk0GNB'],2019,2019-12-24,2,16,0.341,0.743,0.000736,0.278,144.863,293500,0.63,0.957,-11.938,0.0906
Rylan - Live at Berkeley 9/25/18,Juicy Sonic Magic (Live in Berkeley September 24-25 2018),['The National'],['2cCUtGK9sDU2EoElnk0GNB'],2019,2019-12-24,2,17,0.5529999999999999,0.647,0.00579,0.564,144.43,404332,0.5589999999999999,0.907,-13.762,0.0583
Fake Empire - Live at Berkeley 9/25/18,Juicy Sonic Magic (Live in Berkeley September 24-25 2018),['The National'],['2cCUtGK9sDU2EoElnk0GNB'],2019,2019-12-24,2,18,0.287,0.544,0.000453,0.161,103.252,239148,0.365,0.961,-12.574000000000002,0.042
About Today - Live at Berkeley 9/25/18,Juicy Sonic Magic (Live in Berkeley September 24-25 2018),['The National'],['2cCUtGK9sDU2EoElnk0GNB'],2019,2019-12-24,2,19,0.255,0.409,0.0476,0.0858,108.174,857934,0.205,0.4529999999999999,-18.082,0.0949
Lemonworld - Live at Berkeley 9/25/18,Juicy Sonic Magic (Live in Berkeley September 24-25 2018),['The National'],['2cCUtGK9sDU2EoElnk0GNB'],2019,2019-12-24,2,20,0.529,0.574,0.00689,0.1989999999999999,127.661,272358,0.541,0.211,-13.439,0.0623
Mr. November - Live at Berkeley 9/25/18,Juicy Sonic Magic (Live in Berkeley September 24-25 2018),['The National'],['2cCUtGK9sDU2EoElnk0GNB'],2019,2019-12-24,2,21,0.225,0.59,0.000523,0.155,145.55200000000005,309441,0.578,0.738,-11.618,0.0549
Terrible Love - Live at Berkeley 9/25/18,Juicy Sonic Magic (Live in Berkeley September 24-25 2018),['The National'],['2cCUtGK9sDU2EoElnk0GNB'],2019,2019-12-24,2,22,0.154,0.645,0.0002009999999999,0.207,81.118,321585,0.613,0.736,-11.512,0.0566
Vanderlyle Crybaby Geeks - Live at Berkeley 9/25/18,Juicy Sonic Magic (Live in Berkeley September 24-25 2018),['The National'],['2cCUtGK9sDU2EoElnk0GNB'],2019,2019-12-24,2,23,0.375,0.413,0.684,0.182,81.316,294309,0.00255,0.948,-22.448,0.0884
Bad Decisions,Bad Decisions,['The Strokes'],['0epOFNiUfyON9EYx7Tpr6V'],2020,2020-02-18,1,1,0.377,0.922,0.0136,0.3939999999999999,153.404,293360,0.204,0.28,-3.4,0.0559999999999999
Christian Brothers,Christian Brothers,"['Elliott Smith', 'Portland Cello Project', 'Nafisaria Mathews']","['2ApaG60P4r0yhBoDCGD8YG', '76RtDwuzicmWLEEE5ZtqIj', '2kVmjIQMrUg3vLBmpr94KR']",2020,2020-08-25,1,1,0.483,0.494,0.8420000000000001,0.2739999999999999,104.218,272117,0.21,0.114,-10.135,0.0254
At The Door,At The Door,['The Strokes'],['0epOFNiUfyON9EYx7Tpr6V'],2020,2020-02-11,1,1,0.439,0.3229999999999999,0.858,0.358,116.743,310373,0.00921,0.146,-6.763999999999999,0.0323
Brooklyn Bridge To Chorus,Brooklyn Bridge To Chorus,['The Strokes'],['0epOFNiUfyON9EYx7Tpr6V'],2020,2020-04-06,1,1,0.628,0.5710000000000001,0.00602,0.465,119.894,235947,8.89e-05,0.0833,-3.897,0.0631
The Adults Are Talking,The New Abnormal,['The Strokes'],['0epOFNiUfyON9EYx7Tpr6V'],2020,2020-04-10,1,1,0.593,0.7490000000000001,0.0116,0.65,164.96099999999996,309053,0.108,0.314,-5.671,0.0475
Selfless,The New Abnormal,['The Strokes'],['0epOFNiUfyON9EYx7Tpr6V'],2020,2020-04-10,1,2,0.537,0.68,0.191,0.0889,121.989,222093,0.00175,0.0889,-4.297,0.0333
Brooklyn Bridge To Chorus,The New Abnormal,['The Strokes'],['0epOFNiUfyON9EYx7Tpr6V'],2020,2020-04-10,1,3,0.628,0.5710000000000001,0.00602,0.465,119.894,235947,8.89e-05,0.0833,-3.897,0.0631
Bad Decisions,The New Abnormal,['The Strokes'],['0epOFNiUfyON9EYx7Tpr6V'],2020,2020-04-10,1,4,0.377,0.922,0.0136,0.3939999999999999,153.404,293360,0.204,0.28,-3.4,0.0559999999999999
Eternal Summer,The New Abnormal,['The Strokes'],['0epOFNiUfyON9EYx7Tpr6V'],2020,2020-04-10,1,5,0.62,0.78,0.0142,0.3279999999999999,93.954,375320,0.011,0.0833,-4.466,0.0364
At The Door,The New Abnormal,['The Strokes'],['0epOFNiUfyON9EYx7Tpr6V'],2020,2020-04-10,1,6,0.439,0.3229999999999999,0.858,0.358,116.743,310373,0.00921,0.146,-6.763999999999999,0.0323
Why Are Sundays So Depressing,The New Abnormal,['The Strokes'],['0epOFNiUfyON9EYx7Tpr6V'],2020,2020-04-10,1,7,0.579,0.7140000000000001,0.00258,0.3,109.974,275667,0.0269,0.111,-4.455,0.0347
Not The Same Anymore,The New Abnormal,['The Strokes'],['0epOFNiUfyON9EYx7Tpr6V'],2020,2020-04-10,1,8,0.349,0.613,0.39,0.28,177.333,337333,0.0128,0.103,-5.9,0.0309
Ode To The Mets,The New Abnormal,['The Strokes'],['0epOFNiUfyON9EYx7Tpr6V'],2020,2020-04-10,1,9,0.428,0.617,0.346,0.216,92.003,351787,0.179,0.1009999999999999,-5.424,0.0283
Needle in the Hay - 25th Anniversary Remaster,Elliott Smith: Expanded 25th Anniversary Edition,['Elliott Smith'],['2ApaG60P4r0yhBoDCGD8YG'],2020,2020-08-28,1,1,0.555,0.315,0.105,0.3339999999999999,116.099,256587,0.0309,0.119,-11.793,0.0386
Christian Brothers - 25th Anniversary Remaster,Elliott Smith: Expanded 25th Anniversary Edition,['Elliott Smith'],['2ApaG60P4r0yhBoDCGD8YG'],2020,2020-08-28,1,2,0.613,0.502,0.35,0.455,104.24,270720,7.59e-05,0.204,-6.71,0.0251
Clementine - 25th Anniversary Remaster,Elliott Smith: Expanded 25th Anniversary Edition,['Elliott Smith'],['2ApaG60P4r0yhBoDCGD8YG'],2020,2020-08-28,1,3,0.5670000000000001,0.355,0.23,0.317,142.002,166320,0.4029999999999999,0.14,-9.527,0.0341
Southern Belle - 25th Anniversary Remaster,Elliott Smith: Expanded 25th Anniversary Edition,['Elliott Smith'],['2ApaG60P4r0yhBoDCGD8YG'],2020,2020-08-28,1,4,0.52,0.354,0.21,0.431,120.895,186347,5.99e-05,0.0849,-11.788,0.0317
Single File - 25th Anniversary Remaster,Elliott Smith: Expanded 25th Anniversary Edition,['Elliott Smith'],['2ApaG60P4r0yhBoDCGD8YG'],2020,2020-08-28,1,5,0.611,0.487,0.0912,0.475,111.664,146453,2.68e-06,0.291,-8.421,0.0325
Coming Up Roses - 25th Anniversary Remaster,Elliott Smith: Expanded 25th Anniversary Edition,['Elliott Smith'],['2ApaG60P4r0yhBoDCGD8YG'],2020,2020-08-28,1,6,0.525,0.4639999999999999,0.14,0.239,94.279,190573,0.0,0.32,-7.523,0.0259
Satellite - 25th Anniversary Remaster,Elliott Smith: Expanded 25th Anniversary Edition,['Elliott Smith'],['2ApaG60P4r0yhBoDCGD8YG'],2020,2020-08-28,1,7,0.42,0.409,0.0198,0.476,136.81799999999998,145787,0.00324,0.428,-11.050999999999998,0.0273
Alphabet Town - 25th Anniversary Remaster,Elliott Smith: Expanded 25th Anniversary Edition,['Elliott Smith'],['2ApaG60P4r0yhBoDCGD8YG'],2020,2020-08-28,1,8,0.486,0.366,0.0658,0.247,77.73899999999998,251787,0.0027199999999999,0.265,-9.136,0.0257
St. Ides Heaven - 25th Anniversary Remaster,Elliott Smith: Expanded 25th Anniversary Edition,['Elliott Smith'],['2ApaG60P4r0yhBoDCGD8YG'],2020,2020-08-28,1,9,0.607,0.386,0.256,0.557,114.836,180120,0.000278,0.121,-10.65,0.0336
Good to Go - 25th Anniversary Remaster,Elliott Smith: Expanded 25th Anniversary Edition,['Elliott Smith'],['2ApaG60P4r0yhBoDCGD8YG'],2020,2020-08-28,1,10,0.5539999999999999,0.341,0.3720000000000001,0.439,106.95,144587,0.00873,0.113,-10.564,0.0262
The White Lady Loves You More - 25th Anniversary Remaster,Elliott Smith: Expanded 25th Anniversary Edition,['Elliott Smith'],['2ApaG60P4r0yhBoDCGD8YG'],2020,2020-08-28,1,11,0.317,0.351,0.0568,0.423,157.466,144800,0.00159,0.15,-10.99,0.032
The Biggest Lie - 25th Anniversary Remaster,Elliott Smith: Expanded 25th Anniversary Edition,['Elliott Smith'],['2ApaG60P4r0yhBoDCGD8YG'],2020,2020-08-28,1,12,0.552,0.301,0.471,0.325,151.077,159747,0.000118,0.138,-9.312,0.0289
"Some Song - Live at Umbra Penumbra - September 17th, 1994",Elliott Smith: Expanded 25th Anniversary Edition,['Elliott Smith'],['2ApaG60P4r0yhBoDCGD8YG'],2020,2020-08-28,2,1,0.626,0.366,0.3939999999999999,0.359,107.016,176179,0.0,0.174,-10.141,0.0625
"Alphabet Town - Live at Umbra Penumbra - September 17th, 1994",Elliott Smith: Expanded 25th Anniversary Edition,['Elliott Smith'],['2ApaG60P4r0yhBoDCGD8YG'],2020,2020-08-28,2,2,0.512,0.319,0.132,0.12,77.009,282619,1.04e-05,0.131,-12.274,0.043
"Whatever (Folk Song in C) - Live at Umbra Penumbra - September 17th, 1994",Elliott Smith: Expanded 25th Anniversary Edition,['Elliott Smith'],['2ApaG60P4r0yhBoDCGD8YG'],2020,2020-08-28,2,3,0.36,0.481,0.39,0.2239999999999999,172.65099999999995,173092,0.000147,0.27,-13.615,0.311
"No Name #4 - Live at Umbra Penumbra - September 17th, 1994",Elliott Smith: Expanded 25th Anniversary Edition,['Elliott Smith'],['2ApaG60P4r0yhBoDCGD8YG'],2020,2020-08-28,2,4,0.42,0.485,0.188,0.307,125.593,163059,0.000117,0.131,-12.027,0.0473
"Big Decision - Live at Umbra Penumbra - September 17th, 1994",Elliott Smith: Expanded 25th Anniversary Edition,['Elliott Smith'],['2ApaG60P4r0yhBoDCGD8YG'],2020,2020-08-28,2,5,0.415,0.486,0.2239999999999999,0.3879999999999999,129.385,156664,0.0,0.0809,-11.133,0.315
"Condor Ave - Live at Umbra Penumbra - September 17th, 1994",Elliott Smith: Expanded 25th Anniversary Edition,['Elliott Smith'],['2ApaG60P4r0yhBoDCGD8YG'],2020,2020-08-28,2,6,0.466,0.478,0.27,0.418,102.671,212508,0.0,0.596,-8.811,0.0508
"No Name #1 - Live at Umbra Penumbra - September 17th, 1994",Elliott Smith: Expanded 25th Anniversary Edition,['Elliott Smith'],['2ApaG60P4r0yhBoDCGD8YG'],2020,2020-08-28,2,7,0.412,0.3939999999999999,0.397,0.282,112.169,198290,8.62e-06,0.337,-11.913,0.0454
"No Confidence Man - Live at Umbra Penumbra - September 17th, 1994",Elliott Smith: Expanded 25th Anniversary Edition,['Elliott Smith'],['2ApaG60P4r0yhBoDCGD8YG'],2020,2020-08-28,2,8,0.363,0.288,0.529,0.173,160.74,273256,0.146,0.318,-15.050999999999998,0.0779
"Crazy Fucker - Live at Umbra Penumbra - September 17th, 1994",Elliott Smith: Expanded 25th Anniversary Edition,['Elliott Smith'],['2ApaG60P4r0yhBoDCGD8YG'],2020,2020-08-28,2,9,0.384,0.304,0.631,0.335,123.89,214321,0.00331,0.3879999999999999,-17.427,0.0685
"Half Right - Live at Umbra Penumbra - September 17th, 1994",Elliott Smith: Expanded 25th Anniversary Edition,['Elliott Smith'],['2ApaG60P4r0yhBoDCGD8YG'],2020,2020-08-28,2,10,0.396,0.4679999999999999,0.6859999999999999,0.4029999999999999,204.833,271953,2.15e-05,0.3429999999999999,-14.958,0.136
"Some Song - Live at Umbra Penumbra - September 17th, 1994","Some Song (Live at Umbra Penumbra - September 17th, 1994)",['Elliott Smith'],['2ApaG60P4r0yhBoDCGD8YG'],2020,2020-06-30,1,1,0.626,0.366,0.3939999999999999,0.359,107.016,176179,0.0,0.174,-10.141,0.0625
"Big Decision - Live at Umbra Penumbra - September 17th, 1994","Some Song (Live at Umbra Penumbra - September 17th, 1994)",['Elliott Smith'],['2ApaG60P4r0yhBoDCGD8YG'],2020,2020-06-30,1,2,0.415,0.486,0.2239999999999999,0.3879999999999999,129.385,156664,0.0,0.0809,-11.133,0.315
Division Day,Division Day,['Elliott Smith'],['2ApaG60P4r0yhBoDCGD8YG'],2000,2000-11-22,1,1,0.64,0.54,0.7659999999999999,0.325,115.652,189627,0.823,0.139,-10.759,0.03
No Name #6,Division Day,['Elliott Smith'],['2ApaG60P4r0yhBoDCGD8YG'],2000,2000-11-22,1,2,0.613,0.314,0.67,0.3429999999999999,119.174,155267,0.000633,0.4,-13.146,0.0638
Machu Picchu,Angles,['The Strokes'],['0epOFNiUfyON9EYx7Tpr6V'],2011,2011-03-21,1,1,0.695,0.8140000000000001,0.0133,0.882,105.011,209627,0.0984,0.0601,-5.294,0.066
Under Cover of Darkness,Angles,['The Strokes'],['0epOFNiUfyON9EYx7Tpr6V'],2011,2011-03-21,1,2,0.357,0.775,0.00419,0.589,199.853,235547,0.285,0.0676,-3.364,0.054
Two Kinds of Happiness,Angles,['The Strokes'],['0epOFNiUfyON9EYx7Tpr6V'],2011,2011-03-21,1,3,0.534,0.778,0.00153,0.758,137.68,222080,0.025,0.176,-5.252000000000002,0.0453
You're So Right,Angles,['The Strokes'],['0epOFNiUfyON9EYx7Tpr6V'],2011,2011-03-21,1,4,0.441,0.863,0.0001409999999999,0.3279999999999999,168.08700000000005,153760,0.7190000000000001,0.0775,-6.787000000000001,0.0363
Taken for a Fool,Angles,['The Strokes'],['0epOFNiUfyON9EYx7Tpr6V'],2011,2011-03-21,1,5,0.57,0.89,0.00595,0.885,137.04,203240,0.0112,0.226,-4.447,0.0559
Games,Angles,['The Strokes'],['0epOFNiUfyON9EYx7Tpr6V'],2011,2011-03-21,1,6,0.643,0.708,0.00327,0.4529999999999999,127.034,231533,0.182,0.19,-6.742000000000001,0.0291
Call Me Back,Angles,['The Strokes'],['0epOFNiUfyON9EYx7Tpr6V'],2011,2011-03-21,1,7,0.736,0.297,0.8640000000000001,0.186,125.851,182027,1.49e-05,0.0609,-9.648,0.0349
Gratisfaction,Angles,['The Strokes'],['0epOFNiUfyON9EYx7Tpr6V'],2011,2011-03-21,1,8,0.644,0.7879999999999999,0.0456,0.7090000000000001,135.437,179200,0.34,0.231,-5.039,0.0556
Metabolism,Angles,['The Strokes'],['0epOFNiUfyON9EYx7Tpr6V'],2011,2011-03-21,1,9,0.422,0.85,4.16e-05,0.3389999999999999,162.003,180680,0.0036299999999999,0.1639999999999999,-5.132999999999999,0.0394
Life Is Simple in the Moonlight,Angles,['The Strokes'],['0epOFNiUfyON9EYx7Tpr6V'],2011,2011-03-21,1,10,0.515,0.6970000000000001,0.0126,0.513,134.893,255240,0.000343,0.0912,-5.85,0.0313
You Only Live Once,First Impressions Of Earth,['The Strokes'],['0epOFNiUfyON9EYx7Tpr6V'],2006,2006-01-03,1,1,0.63,0.908,0.0238,0.968,120.522,189227,0.5920000000000001,0.1159999999999999,-2.42,0.0326
Juicebox,First Impressions Of Earth,['The Strokes'],['0epOFNiUfyON9EYx7Tpr6V'],2006,2006-01-03,1,2,0.462,0.981,0.00166,0.547,154.995,194573,0.00894,0.0856,-2.371,0.127
Heart In a Cage,First Impressions Of Earth,['The Strokes'],['0epOFNiUfyON9EYx7Tpr6V'],2006,2006-01-03,1,3,0.418,0.857,2.73e-06,0.12,140.02,206173,0.805,0.368,-5.132999999999999,0.0404
Razorblade,First Impressions Of Earth,['The Strokes'],['0epOFNiUfyON9EYx7Tpr6V'],2006,2006-01-03,1,4,0.3939999999999999,0.8590000000000001,0.00201,0.511,136.075,208133,0.233,0.1,-3.851,0.0409
On the Other Side,First Impressions Of Earth,['The Strokes'],['0epOFNiUfyON9EYx7Tpr6V'],2006,2006-01-03,1,5,0.605,0.8109999999999999,0.00367,0.5479999999999999,108.992,276507,0.0001159999999999,0.135,-2.341,0.0316
Vision of Division,First Impressions Of Earth,['The Strokes'],['0epOFNiUfyON9EYx7Tpr6V'],2006,2006-01-03,1,6,0.428,0.8109999999999999,2.33e-05,0.138,141.95,259027,0.434,0.359,-3.681,0.0382
Ask Me Anything,First Impressions Of Earth,['The Strokes'],['0epOFNiUfyON9EYx7Tpr6V'],2006,2006-01-03,1,7,0.376,0.31,0.55,0.461,131.566,189973,0.841,0.147,-9.79,0.0332
Electricityscape,First Impressions Of Earth,['The Strokes'],['0epOFNiUfyON9EYx7Tpr6V'],2006,2006-01-03,1,8,0.382,0.882,0.0022,0.57,140.034,213200,0.144,0.0776,-4.166,0.0429
Killing Lies,First Impressions Of Earth,['The Strokes'],['0epOFNiUfyON9EYx7Tpr6V'],2006,2006-01-03,1,9,0.504,0.8059999999999999,0.00155,0.921,120.205,228733,0.799,0.158,-4.955,0.0388
Fear of Sleep,First Impressions Of Earth,['The Strokes'],['0epOFNiUfyON9EYx7Tpr6V'],2006,2006-01-03,1,10,0.436,0.923,0.0002819999999999,0.272,127.731,240467,0.823,0.356,-4.444,0.0591
15 Minutes,First Impressions Of Earth,['The Strokes'],['0epOFNiUfyON9EYx7Tpr6V'],2006,2006-01-03,1,11,0.341,0.8809999999999999,0.00385,0.3939999999999999,82.95700000000002,273133,0.0383,0.141,-3.5580000000000003,0.0411
Ize of the World,First Impressions Of Earth,['The Strokes'],['0epOFNiUfyON9EYx7Tpr6V'],2006,2006-01-03,1,12,0.397,0.894,9.07e-06,0.2769999999999999,134.993,265773,0.642,0.0847,-3.099,0.0464
Evening Sun,First Impressions Of Earth,['The Strokes'],['0epOFNiUfyON9EYx7Tpr6V'],2006,2006-01-03,1,13,0.631,0.755,0.32,0.531,124.958,186000,0.00481,0.296,-4.534,0.0311
Red Light,First Impressions Of Earth,['The Strokes'],['0epOFNiUfyON9EYx7Tpr6V'],2006,2006-01-03,1,14,0.534,0.8370000000000001,0.000167,0.903,103.533,191693,0.649,0.1889999999999999,-3.938,0.0407
